route,model,pooling_mode,bic,raw_sse,scaled_sse,n_parameters,n_points,inherited_stage,fitted_stage,boundary_issue,params,delta_bic,rank
Stage 1 -> Stage 3 -> Stage 4,dual_transit_load_scaled,partial_5pct,-591.031803944551,1.849858598073274e7,3.903678222423163,8,168,Stage 3 asymmetric competition with lineage-specific loss fixed from untreated coculture,Stage 4 treatment-response terms,true,"(names = [:kill_sensitive, :kill_resistant, :lambda, :onset, :clearance, :beta_sensitive, :beta_resistant, :log_contrast_density], values = [0.5963414152152218, 2.4046172016246923e-8, 0.44645416399067145, 6.550336078187509e-13, 0.4860456636209255, -2.9999999999994387, -2.9999999999994387, -0.048790162557163966], package_api = ""GrowthParameterEstimation.profile_joint_fit_bounds/run_joint_fit"")",0.0,1
Stage 1 -> Stage 3 -> Stage 4,dual_time_decay_kill,partial_5pct,-572.0712285389752,2.5390259001159668e7,4.9371041401977,4,168,Stage 3 asymmetric competition with lineage-specific loss fixed from untreated coculture,Stage 4 treatment-response terms,true,"(names = [:kill_sensitive, :kill_resistant, :lambda, :log_contrast_density], values = [0.31397156860104336, 3.7430491875357195e-13, 0.08401853006172758, -0.04879016333679465], package_api = ""GrowthParameterEstimation.profile_joint_fit_bounds/run_joint_fit"")",18.96057540557581,2
Stage 1 -> Stage 3 -> Stage 4,dual_transit_load_scaled,shared,-563.8585796883903,2.1528650722096324e7,4.731131590047077,7,168,Stage 3 asymmetric competition with lineage-specific loss fixed from untreated coculture,Stage 4 treatment-response terms,true,"(names = [:kill_sensitive, :kill_resistant, :lambda, :onset, :clearance, :beta_sensitive, :beta_resistant], values = [0.6188113850329487, 3.7430491875357195e-13, 0.37665022061900055, 6.550336078187509e-13, 0.6301601263411168, -2.9999998181750747, -2.256039769073672], package_api = ""GrowthParameterEstimation.profile_joint_fit_bounds/run_joint_fit"")",27.17322425616078,3
Stage 1 -> Stage 3 -> Stage 4,dual_constant_kill,partial_5pct,-563.8534993151999,2.849742276888401e7,5.345172373118104,3,168,Stage 3 asymmetric competition with lineage-specific loss fixed from untreated coculture,Stage 4 treatment-response terms,true,"(names = [:kill_sensitive, :kill_resistant, :log_contrast_density], values = [0.18614270635760247, 2.8072868906517895e-13, -0.048790161335041035], package_api = ""GrowthParameterEstimation.profile_joint_fit_bounds/run_joint_fit"")",27.178304629351146,4
Stage 1 -> Stage 3 -> Stage 4,dual_time_decay_kill,shared,-559.4895384205089,2.719552991815414e7,5.485837389481923,3,168,Stage 3 asymmetric competition with lineage-specific loss fixed from untreated coculture,Stage 4 treatment-response terms,true,"(names = [:kill_sensitive, :kill_resistant, :lambda], values = [0.29694984233816685, 1.1672270610403515e-9, 0.07443883655147043], package_api = ""GrowthParameterEstimation.profile_joint_fit_bounds/run_joint_fit"")",31.542265524042136,5
Stage 1 -> Stage 3 -> Stage 4,dual_constant_kill,shared,-554.8495235045251,2.982295740265856e7,5.814115530776844,2,168,Stage 3 asymmetric competition with lineage-specific loss fixed from untreated coculture,Stage 4 treatment-response terms,true,"(names = [:kill_sensitive, :kill_resistant], values = [0.18642329358457146, 1.2398114932263886e-10], package_api = ""GrowthParameterEstimation.profile_joint_fit_bounds/run_joint_fit"")",36.18228044002592,6
Stage 1 -> Stage 3 -> Stage 4,dual_transit_damage,partial_5pct,-554.7811491099641,2.3969492970646873e7,5.148454235373827,6,168,Stage 3 asymmetric competition with lineage-specific loss fixed from untreated coculture,Stage 4 treatment-response terms,true,"(names = [:kill_sensitive, :kill_resistant, :lambda, :onset, :clearance, :log_contrast_density], values = [0.2203921978509015, 3.7430491875357195e-13, 4.999999999999534, 6.550336078187509e-13, 0.8669977143618826, -0.04879015821177174], package_api = ""GrowthParameterEstimation.profile_joint_fit_bounds/run_joint_fit"")",36.25065483458695,7
Stage 1 -> Stage 3 -> Stage 4,dual_transit_competitor_scaled,partial_5pct,-554.7423730967537,2.273428138922136e7,4.844905592351157,8,168,Stage 3 asymmetric competition with lineage-specific loss fixed from untreated coculture,Stage 4 treatment-response terms,true,"(names = [:kill_sensitive, :kill_resistant, :lambda, :onset, :clearance, :beta_sensitive, :beta_resistant, :log_contrast_density], values = [0.2935399698464941, 3.7430491875357195e-13, 4.999988545099586, 6.550336078187509e-13, 0.6038198403129291, -2.1988441146876996, 2.999995049496995, -0.048790138669011135], package_api = ""GrowthParameterEstimation.profile_joint_fit_bounds/run_joint_fit"")",36.28943084779735,8
Stage 1 -> Stage 3 -> Stage 4,sensitive_tolerant_transition,partial_5pct,-554.4945006252609,2.660028551292898e7,5.002325861323211,7,168,Stage 3 asymmetric competition with lineage-specific loss fixed from untreated coculture,Stage 4 treatment-response terms,true,"(names = [:kill_sensitive, :kill_tolerant, :kill_resistant, :lambda, :onset, :transition, :log_contrast_density], values = [3.999999999999626, 0.302618057479195, 3.7430491875357195e-13, 0.031372410472576225, 1.1174662499920271, 0.04735953930359625, -0.04878730210903297], package_api = ""GrowthParameterEstimation.profile_joint_fit_bounds/run_joint_fit"")",36.53730331929012,9
Stage 1 -> Stage 3 -> Stage 4,dual_delayed_ramp_kill,partial_5pct,-552.8505819357526,2.8681902551979005e7,5.36924755192035,5,168,Stage 3 asymmetric competition with lineage-specific loss fixed from untreated coculture,Stage 4 treatment-response terms,true,"(names = [:kill_sensitive, :kill_resistant, :lambda, :onset, :log_contrast_density], values = [0.18799397610655014, 3.7430491875357195e-13, 4.999999999967813, 6.550336078187509e-13, -0.04879016248630703], package_api = ""GrowthParameterEstimation.profile_joint_fit_bounds/run_joint_fit"")",38.181222008798386,10
Stage 1 -> Stage 3 -> Stage 4,sensitive_tolerant_transition,shared,-551.7108075604007,2.7216757246240854e7,5.243411644705002,6,168,Stage 3 asymmetric competition with lineage-specific loss fixed from untreated coculture,Stage 4 treatment-response terms,true,"(names = [:kill_sensitive, :kill_tolerant, :kill_resistant, :lambda, :onset, :transition], values = [0.46727049328964365, 0.03921884586787489, 1.2942315584836928e-5, 4.047886105294525, 2.9490691923021775, 0.032989379865250065], package_api = ""GrowthParameterEstimation.profile_joint_fit_bounds/run_joint_fit"")",39.32099638415036,11
Stage 1 -> Stage 3 -> Stage 4,dual_delayed_ramp_kill,shared,-544.0263568154214,2.9990886641306188e7,5.8340574167000545,4,168,Stage 3 asymmetric competition with lineage-specific loss fixed from untreated coculture,Stage 4 treatment-response terms,true,"(names = [:kill_sensitive, :kill_resistant, :lambda, :onset], values = [0.1883028018045106, 3.7430491875357195e-13, 4.99999832841296, 6.479323234007573e-10], package_api = ""GrowthParameterEstimation.profile_joint_fit_bounds/run_joint_fit"")",47.00544712912961,12
Stage 1 -> Stage 3 -> Stage 4,dual_transit_competitor_scaled,shared,-543.0195731324824,2.475531045899672e7,5.35593941620952,7,168,Stage 3 asymmetric competition with lineage-specific loss fixed from untreated coculture,Stage 4 treatment-response terms,true,"(names = [:kill_sensitive, :kill_resistant, :lambda, :onset, :clearance, :beta_sensitive, :beta_resistant], values = [0.2875656522259264, 3.7430491875357195e-13, 4.999999999999534, 6.550336078187509e-13, 0.7693778804559508, -2.3407841805622245, 1.1234267277512293], package_api = ""GrowthParameterEstimation.profile_joint_fit_bounds/run_joint_fit"")",48.01223081206865,13
Stage 1 -> Stage 3 -> Stage 4,dual_transit_damage,shared,-542.6568464217752,2.6493494304558724e7,5.705124323634649,5,168,Stage 3 asymmetric competition with lineage-specific loss fixed from untreated coculture,Stage 4 treatment-response terms,true,"(names = [:kill_sensitive, :kill_resistant, :lambda, :onset, :clearance], values = [0.21112623263013738, 3.7430491875357195e-13, 4.999999956244995, 4.5250403115684416e-7, 1.2418720232704794], package_api = ""GrowthParameterEstimation.profile_joint_fit_bounds/run_joint_fit"")",48.374957522775844,14
Stage 1 -> Stage 2 -> Stage 4,stage2_plus_asymmetric_competition_death,shared,-488.07828671167204,4.391807536860135e7,8.139566637356497,4,168,Stage 2 treatment response fixed from treated monoculture,Stage 4 asymmetric competition terms,true,"(names = [:alpha_NC, :alpha_CN, :death_naive, :death_cis], values = [3.4241569175942926e-7, 0.6693737550320591, 0.19509368194301235, 3.157292989865006e-8], package_api = ""GrowthParameterEstimation.run_joint_multistart"")",102.953517232879,15
Stage 1 -> Stage 2 -> Stage 4,stage2_direct_context_scaling,shared,-468.4459921872375,4.6767014141425654e7,9.723983961748418,2,168,Stage 2 treatment response fixed from treated monoculture,Stage 4 lineage-specific coculture treatment scales,false,"(names = [:log_naive_context_scale, :log_cis_context_scale], values = [0.3604787099936799, 0.9344837088428317], package_api = ""GrowthParameterEstimation.run_joint_multistart"")",122.58581175731354,16
Stage 1 -> Stage 2 -> Stage 4,stage2_plus_asymmetric_competition,shared,-457.3805779251483,4.8803126248637594e7,10.386023085684913,2,168,Stage 2 treatment response fixed from treated monoculture,Stage 4 asymmetric competition terms,false,"(names = [:alpha_NC, :alpha_CN], values = [0.4555132796244806, 0.641448801050685], package_api = ""GrowthParameterEstimation.run_joint_multistart"")",133.6512260194027,17
