time,count,source_file,condition,density,cell_line,dose,mix
1.0,470.381366,A2780Naive_day_averages.csv,monoculture_treated,,,0.0,
1.0,164.837076,A2780Naive_day_averages.csv,monoculture_treated,,,0.0,
1.0,305.189622,A2780Naive_day_averages.csv,monoculture_treated,,,0.0,
1.0,683.094985,A2780Naive_day_averages.csv,monoculture_treated,,,0.0,
1.0,277.199035,A2780Naive_day_averages.csv,monoculture_treated,,,0.0,
1.0,507.501582,A2780Naive_day_averages.csv,monoculture_treated,,,0.0,
1.0,332.640741,A2780Naive_sample_averages.csv,monoculture_treated,,,0.0,
1.0,497.381829,A2780Naive_sample_averages.csv,monoculture_treated,,,0.0,
1.0,581.121528,A2780Naive_sample_averages.csv,monoculture_treated,,,0.0,
1.0,178.075694,A2780Naive_sample_averages.csv,monoculture_treated,,,0.0,
1.0,164.776968,A2780Naive_sample_averages.csv,monoculture_treated,,,0.0,
1.0,151.658565,A2780Naive_sample_averages.csv,monoculture_treated,,,0.0,
1.0,328.855556,A2780Naive_sample_averages.csv,monoculture_treated,,,0.0,
1.0,337.256597,A2780Naive_sample_averages.csv,monoculture_treated,,,0.0,
1.0,249.456713,A2780Naive_sample_averages.csv,monoculture_treated,,,0.0,
1.0,563.739005,A2780Naive_sample_averages.csv,monoculture_treated,,,0.0,
1.0,763.835648,A2780Naive_sample_averages.csv,monoculture_treated,,,0.0,
1.0,721.710301,A2780Naive_sample_averages.csv,monoculture_treated,,,0.0,
1.0,332.851157,A2780Naive_sample_averages.csv,monoculture_treated,,,0.0,
1.0,289.437616,A2780Naive_sample_averages.csv,monoculture_treated,,,0.0,
1.0,209.308333,A2780Naive_sample_averages.csv,monoculture_treated,,,0.0,
1.0,489.838426,A2780Naive_sample_averages.csv,monoculture_treated,,,0.0,
1.0,510.295949,A2780Naive_sample_averages.csv,monoculture_treated,,,0.0,
1.0,522.37037,A2780Naive_sample_averages.csv,monoculture_treated,,,0.0,
1.0,66.075347,A2780cis_day_averages.csv,monoculture_treated,,,0.0,
1.0,82.574769,A2780cis_day_averages.csv,monoculture_treated,,,0.0,
1.0,79.832716,A2780cis_day_averages.csv,monoculture_treated,,,0.0,
1.0,73.884722,A2780cis_day_averages.csv,monoculture_treated,,,0.0,
1.0,117.621181,A2780cis_day_averages.csv,monoculture_treated,,,0.0,
1.0,119.122916,A2780cis_day_averages.csv,monoculture_treated,,,0.0,
1.0,64.343634,A2780cis_sample_averages.csv,monoculture_treated,,,0.0,
1.0,70.884954,A2780cis_sample_averages.csv,monoculture_treated,,,0.0,
1.0,62.997454,A2780cis_sample_averages.csv,monoculture_treated,,,0.0,
1.0,84.920718,A2780cis_sample_averages.csv,monoculture_treated,,,0.0,
1.0,78.589468,A2780cis_sample_averages.csv,monoculture_treated,,,0.0,
1.0,84.21412,A2780cis_sample_averages.csv,monoculture_treated,,,0.0,
1.0,71.799421,A2780cis_sample_averages.csv,monoculture_treated,,,0.0,
1.0,72.274537,A2780cis_sample_averages.csv,monoculture_treated,,,0.0,
1.0,95.42419,A2780cis_sample_averages.csv,monoculture_treated,,,0.0,
1.0,78.855671,A2780cis_sample_averages.csv,monoculture_treated,,,0.0,
1.0,65.742824,A2780cis_sample_averages.csv,monoculture_treated,,,0.0,
1.0,77.055671,A2780cis_sample_averages.csv,monoculture_treated,,,0.0,
1.0,102.510417,A2780cis_sample_averages.csv,monoculture_treated,,,0.0,
1.0,111.150116,A2780cis_sample_averages.csv,monoculture_treated,,,0.0,
1.0,139.203009,A2780cis_sample_averages.csv,monoculture_treated,,,0.0,
1.0,114.262847,A2780cis_sample_averages.csv,monoculture_treated,,,0.0,
1.0,106.092708,A2780cis_sample_averages.csv,monoculture_treated,,,0.0,
1.0,137.013194,A2780cis_sample_averages.csv,monoculture_treated,,,0.0,
2.0,658.348264,A2780Naive_day_averages.csv,monoculture_treated,,,0.0,
2.0,310.328588,A2780Naive_day_averages.csv,monoculture_treated,,,0.0,
2.0,465.637384,A2780Naive_day_averages.csv,monoculture_treated,,,0.0,
2.0,962.59946,A2780Naive_day_averages.csv,monoculture_treated,,,0.0,
2.0,512.547261,A2780Naive_day_averages.csv,monoculture_treated,,,0.0,
2.0,801.887693,A2780Naive_day_averages.csv,monoculture_treated,,,0.0,
2.0,449.617593,A2780Naive_sample_averages.csv,monoculture_treated,,,0.0,
2.0,745.802778,A2780Naive_sample_averages.csv,monoculture_treated,,,0.0,
2.0,779.624421,A2780Naive_sample_averages.csv,monoculture_treated,,,0.0,
2.0,324.121528,A2780Naive_sample_averages.csv,monoculture_treated,,,0.0,
2.0,300.025347,A2780Naive_sample_averages.csv,monoculture_treated,,,0.0,
2.0,306.838889,A2780Naive_sample_averages.csv,monoculture_treated,,,0.0,
2.0,504.633912,A2780Naive_sample_averages.csv,monoculture_treated,,,0.0,
2.0,496.346065,A2780Naive_sample_averages.csv,monoculture_treated,,,0.0,
2.0,395.932176,A2780Naive_sample_averages.csv,monoculture_treated,,,0.0,
2.0,836.934375,A2780Naive_sample_averages.csv,monoculture_treated,,,0.0,
2.0,1052.74919,A2780Naive_sample_averages.csv,monoculture_treated,,,0.0,
2.0,998.114815,A2780Naive_sample_averages.csv,monoculture_treated,,,0.0,
2.0,609.895833,A2780Naive_sample_averages.csv,monoculture_treated,,,0.0,
2.0,576.794907,A2780Naive_sample_averages.csv,monoculture_treated,,,0.0,
2.0,350.951042,A2780Naive_sample_averages.csv,monoculture_treated,,,0.0,
2.0,776.097801,A2780Naive_sample_averages.csv,monoculture_treated,,,0.0,
2.0,781.714931,A2780Naive_sample_averages.csv,monoculture_treated,,,0.0,
2.0,847.850347,A2780Naive_sample_averages.csv,monoculture_treated,,,0.0,
2.0,136.019406,A2780cis_day_averages.csv,monoculture_treated,,,0.0,
2.0,153.749267,A2780cis_day_averages.csv,monoculture_treated,,,0.0,
2.0,136.681867,A2780cis_day_averages.csv,monoculture_treated,,,0.0,
2.0,143.644638,A2780cis_day_averages.csv,monoculture_treated,,,0.0,
2.0,206.529707,A2780cis_day_averages.csv,monoculture_treated,,,0.0,
2.0,208.109954,A2780cis_day_averages.csv,monoculture_treated,,,0.0,
2.0,144.66794,A2780cis_sample_averages.csv,monoculture_treated,,,0.0,
2.0,139.543403,A2780cis_sample_averages.csv,monoculture_treated,,,0.0,
2.0,123.846875,A2780cis_sample_averages.csv,monoculture_treated,,,0.0,
2.0,166.060417,A2780cis_sample_averages.csv,monoculture_treated,,,0.0,
2.0,149.511343,A2780cis_sample_averages.csv,monoculture_treated,,,0.0,
2.0,145.676042,A2780cis_sample_averages.csv,monoculture_treated,,,0.0,
2.0,126.396991,A2780cis_sample_averages.csv,monoculture_treated,,,0.0,
2.0,130.276852,A2780cis_sample_averages.csv,monoculture_treated,,,0.0,
2.0,153.371759,A2780cis_sample_averages.csv,monoculture_treated,,,0.0,
2.0,155.372917,A2780cis_sample_averages.csv,monoculture_treated,,,0.0,
2.0,137.909144,A2780cis_sample_averages.csv,monoculture_treated,,,0.0,
2.0,137.651852,A2780cis_sample_averages.csv,monoculture_treated,,,0.0,
2.0,196.253588,A2780cis_sample_averages.csv,monoculture_treated,,,0.0,
2.0,183.938426,A2780cis_sample_averages.csv,monoculture_treated,,,0.0,
2.0,239.397106,A2780cis_sample_averages.csv,monoculture_treated,,,0.0,
2.0,190.076389,A2780cis_sample_averages.csv,monoculture_treated,,,0.0,
2.0,205.055903,A2780cis_sample_averages.csv,monoculture_treated,,,0.0,
2.0,229.197569,A2780cis_sample_averages.csv,monoculture_treated,,,0.0,
3.0,910.885918,A2780Naive_day_averages.csv,monoculture_treated,,,0.0,
3.0,498.459259,A2780Naive_day_averages.csv,monoculture_treated,,,0.0,
3.0,790.214892,A2780Naive_day_averages.csv,monoculture_treated,,,0.0,
3.0,1293.415316,A2780Naive_day_averages.csv,monoculture_treated,,,0.0,
3.0,810.468596,A2780Naive_day_averages.csv,monoculture_treated,,,0.0,
3.0,1336.278318,A2780Naive_day_averages.csv,monoculture_treated,,,0.0,
3.0,614.55706,A2780Naive_sample_averages.csv,monoculture_treated,,,0.0,
3.0,980.722569,A2780Naive_sample_averages.csv,monoculture_treated,,,0.0,
3.0,1137.378125,A2780Naive_sample_averages.csv,monoculture_treated,,,0.0,
3.0,510.147454,A2780Naive_sample_averages.csv,monoculture_treated,,,0.0,
3.0,528.628125,A2780Naive_sample_averages.csv,monoculture_treated,,,0.0,
3.0,456.602199,A2780Naive_sample_averages.csv,monoculture_treated,,,0.0,
3.0,850.662153,A2780Naive_sample_averages.csv,monoculture_treated,,,0.0,
3.0,859.936921,A2780Naive_sample_averages.csv,monoculture_treated,,,0.0,
3.0,660.045602,A2780Naive_sample_averages.csv,monoculture_treated,,,0.0,
3.0,1110.770255,A2780Naive_sample_averages.csv,monoculture_treated,,,0.0,
3.0,1448.60081,A2780Naive_sample_averages.csv,monoculture_treated,,,0.0,
3.0,1320.874884,A2780Naive_sample_averages.csv,monoculture_treated,,,0.0,
3.0,907.462269,A2780Naive_sample_averages.csv,monoculture_treated,,,0.0,
3.0,917.526736,A2780Naive_sample_averages.csv,monoculture_treated,,,0.0,
3.0,606.416782,A2780Naive_sample_averages.csv,monoculture_treated,,,0.0,
3.0,1269.710301,A2780Naive_sample_averages.csv,monoculture_treated,,,0.0,
3.0,1253.711111,A2780Naive_sample_averages.csv,monoculture_treated,,,0.0,
3.0,1485.413542,A2780Naive_sample_averages.csv,monoculture_treated,,,0.0,
3.0,262.411998,A2780cis_day_averages.csv,monoculture_treated,,,0.0,
3.0,298.622724,A2780cis_day_averages.csv,monoculture_treated,,,0.0,
3.0,256.032137,A2780cis_day_averages.csv,monoculture_treated,,,0.0,
3.0,301.875849,A2780cis_day_averages.csv,monoculture_treated,,,0.0,
3.0,392.797531,A2780cis_day_averages.csv,monoculture_treated,,,0.0,
3.0,381.19267,A2780cis_day_averages.csv,monoculture_treated,,,0.0,
3.0,280.497106,A2780cis_sample_averages.csv,monoculture_treated,,,0.0,
3.0,258.054745,A2780cis_sample_averages.csv,monoculture_treated,,,0.0,
3.0,248.684144,A2780cis_sample_averages.csv,monoculture_treated,,,0.0,
3.0,317.704167,A2780cis_sample_averages.csv,monoculture_treated,,,0.0,
3.0,291.964583,A2780cis_sample_averages.csv,monoculture_treated,,,0.0,
3.0,286.199421,A2780cis_sample_averages.csv,monoculture_treated,,,0.0,
3.0,230.708449,A2780cis_sample_averages.csv,monoculture_treated,,,0.0,
3.0,247.303356,A2780cis_sample_averages.csv,monoculture_treated,,,0.0,
3.0,290.084606,A2780cis_sample_averages.csv,monoculture_treated,,,0.0,
3.0,346.651389,A2780cis_sample_averages.csv,monoculture_treated,,,0.0,
3.0,273.56794,A2780cis_sample_averages.csv,monoculture_treated,,,0.0,
3.0,285.408218,A2780cis_sample_averages.csv,monoculture_treated,,,0.0,
3.0,372.058449,A2780cis_sample_averages.csv,monoculture_treated,,,0.0,
3.0,360.129398,A2780cis_sample_averages.csv,monoculture_treated,,,0.0,
3.0,446.204745,A2780cis_sample_averages.csv,monoculture_treated,,,0.0,
3.0,338.570486,A2780cis_sample_averages.csv,monoculture_treated,,,0.0,
3.0,386.285417,A2780cis_sample_averages.csv,monoculture_treated,,,0.0,
3.0,418.722106,A2780cis_sample_averages.csv,monoculture_treated,,,0.0,
4.0,928.761304,A2780Naive_day_averages.csv,monoculture_treated,,,0.0,
4.0,690.709722,A2780Naive_day_averages.csv,monoculture_treated,,,0.0,
4.0,880.948534,A2780Naive_day_averages.csv,monoculture_treated,,,0.0,
4.0,1242.376196,A2780Naive_day_averages.csv,monoculture_treated,,,0.0,
4.0,1072.597222,A2780Naive_day_averages.csv,monoculture_treated,,,0.0,
4.0,1623.104938,A2780Naive_day_averages.csv,monoculture_treated,,,0.0,
4.0,650.646875,A2780Naive_sample_averages.csv,monoculture_treated,,,0.0,
4.0,1013.55787,A2780Naive_sample_averages.csv,monoculture_treated,,,0.0,
4.0,1122.079167,A2780Naive_sample_averages.csv,monoculture_treated,,,0.0,
4.0,736.653241,A2780Naive_sample_averages.csv,monoculture_treated,,,0.0,
4.0,740.470255,A2780Naive_sample_averages.csv,monoculture_treated,,,0.0,
4.0,595.005671,A2780Naive_sample_averages.csv,monoculture_treated,,,0.0,
4.0,898.265162,A2780Naive_sample_averages.csv,monoculture_treated,,,0.0,
4.0,958.459028,A2780Naive_sample_averages.csv,monoculture_treated,,,0.0,
4.0,786.121412,A2780Naive_sample_averages.csv,monoculture_treated,,,0.0,
4.0,1102.200347,A2780Naive_sample_averages.csv,monoculture_treated,,,0.0,
4.0,1422.760069,A2780Naive_sample_averages.csv,monoculture_treated,,,0.0,
4.0,1202.168171,A2780Naive_sample_averages.csv,monoculture_treated,,,0.0,
4.0,1217.91169,A2780Naive_sample_averages.csv,monoculture_treated,,,0.0,
4.0,1204.067477,A2780Naive_sample_averages.csv,monoculture_treated,,,0.0,
4.0,795.8125,A2780Naive_sample_averages.csv,monoculture_treated,,,0.0,
4.0,1430.525116,A2780Naive_sample_averages.csv,monoculture_treated,,,0.0,
4.0,1614.884375,A2780Naive_sample_averages.csv,monoculture_treated,,,0.0,
4.0,1823.905324,A2780Naive_sample_averages.csv,monoculture_treated,,,0.0,
4.0,627.185185,A2780cis_day_averages.csv,monoculture_treated,,,0.0,
4.0,584.29375,A2780cis_day_averages.csv,monoculture_treated,,,0.0,
4.0,551.487654,A2780cis_day_averages.csv,monoculture_treated,,,0.0,
4.0,670.106675,A2780cis_day_averages.csv,monoculture_treated,,,0.0,
4.0,793.163195,A2780cis_day_averages.csv,monoculture_treated,,,0.0,
4.0,731.650772,A2780cis_day_averages.csv,monoculture_treated,,,0.0,
4.0,626.767014,A2780cis_sample_averages.csv,monoculture_treated,,,0.0,
4.0,647.353472,A2780cis_sample_averages.csv,monoculture_treated,,,0.0,
4.0,607.435069,A2780cis_sample_averages.csv,monoculture_treated,,,0.0,
4.0,590.218981,A2780cis_sample_averages.csv,monoculture_treated,,,0.0,
4.0,589.375231,A2780cis_sample_averages.csv,monoculture_treated,,,0.0,
4.0,573.287037,A2780cis_sample_averages.csv,monoculture_treated,,,0.0,
4.0,480.306597,A2780cis_sample_averages.csv,monoculture_treated,,,0.0,
4.0,541.917477,A2780cis_sample_averages.csv,monoculture_treated,,,0.0,
4.0,632.238889,A2780cis_sample_averages.csv,monoculture_treated,,,0.0,
4.0,776.012616,A2780cis_sample_averages.csv,monoculture_treated,,,0.0,
4.0,635.321181,A2780cis_sample_averages.csv,monoculture_treated,,,0.0,
4.0,598.986227,A2780cis_sample_averages.csv,monoculture_treated,,,0.0,
4.0,784.825116,A2780cis_sample_averages.csv,monoculture_treated,,,0.0,
4.0,722.133681,A2780cis_sample_averages.csv,monoculture_treated,,,0.0,
4.0,872.530787,A2780cis_sample_averages.csv,monoculture_treated,,,0.0,
4.0,650.693866,A2780cis_sample_averages.csv,monoculture_treated,,,0.0,
4.0,697.335648,A2780cis_sample_averages.csv,monoculture_treated,,,0.0,
4.0,846.922801,A2780cis_sample_averages.csv,monoculture_treated,,,0.0,
5.0,914.76659,A2780Naive_day_averages.csv,monoculture_treated,,,0.0,
5.0,804.908989,A2780Naive_day_averages.csv,monoculture_treated,,,0.0,
5.0,1277.00108,A2780Naive_day_averages.csv,monoculture_treated,,,0.0,
5.0,1196.672107,A2780Naive_day_averages.csv,monoculture_treated,,,0.0,
5.0,1220.337539,A2780Naive_day_averages.csv,monoculture_treated,,,0.0,
5.0,2076.849113,A2780Naive_day_averages.csv,monoculture_treated,,,0.0,
5.0,598.397917,A2780Naive_sample_averages.csv,monoculture_treated,,,0.0,
5.0,1035.585417,A2780Naive_sample_averages.csv,monoculture_treated,,,0.0,
5.0,1110.316435,A2780Naive_sample_averages.csv,monoculture_treated,,,0.0,
5.0,931.316782,A2780Naive_sample_averages.csv,monoculture_treated,,,0.0,
5.0,763.818056,A2780Naive_sample_averages.csv,monoculture_treated,,,0.0,
5.0,719.59213,A2780Naive_sample_averages.csv,monoculture_treated,,,0.0,
5.0,1400.128356,A2780Naive_sample_averages.csv,monoculture_treated,,,0.0,
5.0,1341.426505,A2780Naive_sample_averages.csv,monoculture_treated,,,0.0,
5.0,1089.44838,A2780Naive_sample_averages.csv,monoculture_treated,,,0.0,
5.0,1126.599769,A2780Naive_sample_averages.csv,monoculture_treated,,,0.0,
5.0,1260.842824,A2780Naive_sample_averages.csv,monoculture_treated,,,0.0,
5.0,1202.573727,A2780Naive_sample_averages.csv,monoculture_treated,,,0.0,
5.0,1323.855208,A2780Naive_sample_averages.csv,monoculture_treated,,,0.0,
5.0,1326.023264,A2780Naive_sample_averages.csv,monoculture_treated,,,0.0,
5.0,1011.134144,A2780Naive_sample_averages.csv,monoculture_treated,,,0.0,
5.0,1935.523958,A2780Naive_sample_averages.csv,monoculture_treated,,,0.0,
5.0,2078.344792,A2780Naive_sample_averages.csv,monoculture_treated,,,0.0,
5.0,2216.678588,A2780Naive_sample_averages.csv,monoculture_treated,,,0.0,
5.0,1055.706481,A2780cis_day_averages.csv,monoculture_treated,,,0.0,
5.0,1028.857523,A2780cis_day_averages.csv,monoculture_treated,,,0.0,
5.0,932.248611,A2780cis_day_averages.csv,monoculture_treated,,,0.0,
5.0,1170.91088,A2780cis_day_averages.csv,monoculture_treated,,,0.0,
5.0,1328.350116,A2780cis_day_averages.csv,monoculture_treated,,,0.0,
5.0,1291.676042,A2780cis_day_averages.csv,monoculture_treated,,,0.0,
5.0,1094.441782,A2780cis_sample_averages.csv,monoculture_treated,,,0.0,
5.0,1084.315046,A2780cis_sample_averages.csv,monoculture_treated,,,0.0,
5.0,988.362616,A2780cis_sample_averages.csv,monoculture_treated,,,0.0,
5.0,1050.767477,A2780cis_sample_averages.csv,monoculture_treated,,,0.0,
5.0,1061.95463,A2780cis_sample_averages.csv,monoculture_treated,,,0.0,
5.0,973.850463,A2780cis_sample_averages.csv,monoculture_treated,,,0.0,
5.0,824.098727,A2780cis_sample_averages.csv,monoculture_treated,,,0.0,
5.0,918.609375,A2780cis_sample_averages.csv,monoculture_treated,,,0.0,
5.0,1054.037731,A2780cis_sample_averages.csv,monoculture_treated,,,0.0,
5.0,1414.180556,A2780cis_sample_averages.csv,monoculture_treated,,,0.0,
5.0,1057.495602,A2780cis_sample_averages.csv,monoculture_treated,,,0.0,
5.0,1041.056481,A2780cis_sample_averages.csv,monoculture_treated,,,0.0,
5.0,1240.018519,A2780cis_sample_averages.csv,monoculture_treated,,,0.0,
5.0,1163.588773,A2780cis_sample_averages.csv,monoculture_treated,,,0.0,
5.0,1581.443056,A2780cis_sample_averages.csv,monoculture_treated,,,0.0,
5.0,1072.407986,A2780cis_sample_averages.csv,monoculture_treated,,,0.0,
5.0,1338.002546,A2780cis_sample_averages.csv,monoculture_treated,,,0.0,
5.0,1464.617593,A2780cis_sample_averages.csv,monoculture_treated,,,0.0,
6.0,867.729823,A2780Naive_day_averages.csv,monoculture_treated,,,0.0,
6.0,1188.288657,A2780Naive_day_averages.csv,monoculture_treated,,,0.0,
6.0,1612.01223,A2780Naive_day_averages.csv,monoculture_treated,,,0.0,
6.0,1151.698109,A2780Naive_day_averages.csv,monoculture_treated,,,0.0,
6.0,1524.237886,A2780Naive_day_averages.csv,monoculture_treated,,,0.0,
6.0,2482.367593,A2780Naive_day_averages.csv,monoculture_treated,,,0.0,
6.0,651.939468,A2780Naive_sample_averages.csv,monoculture_treated,,,0.0,
6.0,838.196412,A2780Naive_sample_averages.csv,monoculture_treated,,,0.0,
6.0,1113.053588,A2780Naive_sample_averages.csv,monoculture_treated,,,0.0,
6.0,1271.737847,A2780Naive_sample_averages.csv,monoculture_treated,,,0.0,
6.0,1179.996759,A2780Naive_sample_averages.csv,monoculture_treated,,,0.0,
6.0,1113.131366,A2780Naive_sample_averages.csv,monoculture_treated,,,0.0,
6.0,1596.895255,A2780Naive_sample_averages.csv,monoculture_treated,,,0.0,
6.0,1733.451157,A2780Naive_sample_averages.csv,monoculture_treated,,,0.0,
6.0,1505.690278,A2780Naive_sample_averages.csv,monoculture_treated,,,0.0,
6.0,1039.977083,A2780Naive_sample_averages.csv,monoculture_treated,,,0.0,
6.0,1248.45081,A2780Naive_sample_averages.csv,monoculture_treated,,,0.0,
6.0,1166.666435,A2780Naive_sample_averages.csv,monoculture_treated,,,0.0,
6.0,1663.25162,A2780Naive_sample_averages.csv,monoculture_treated,,,0.0,
6.0,1561.317477,A2780Naive_sample_averages.csv,monoculture_treated,,,0.0,
6.0,1348.14456,A2780Naive_sample_averages.csv,monoculture_treated,,,0.0,
6.0,2040.774421,A2780Naive_sample_averages.csv,monoculture_treated,,,0.0,
6.0,2543.451042,A2780Naive_sample_averages.csv,monoculture_treated,,,0.0,
6.0,2862.877315,A2780Naive_sample_averages.csv,monoculture_treated,,,0.0,
6.0,1644.432755,A2780cis_day_averages.csv,monoculture_treated,,,0.0,
6.0,1728.468171,A2780cis_day_averages.csv,monoculture_treated,,,0.0,
6.0,1630.143596,A2780cis_day_averages.csv,monoculture_treated,,,0.0,
6.0,1348.338002,A2780cis_day_averages.csv,monoculture_treated,,,0.0,
6.0,1947.658218,A2780cis_day_averages.csv,monoculture_treated,,,0.0,
6.0,1980.231559,A2780cis_day_averages.csv,monoculture_treated,,,0.0,
6.0,1774.401157,A2780cis_sample_averages.csv,monoculture_treated,,,0.0,
6.0,1654.999306,A2780cis_sample_averages.csv,monoculture_treated,,,0.0,
6.0,1503.897801,A2780cis_sample_averages.csv,monoculture_treated,,,0.0,
6.0,1727.418981,A2780cis_sample_averages.csv,monoculture_treated,,,0.0,
6.0,1799.878241,A2780cis_sample_averages.csv,monoculture_treated,,,0.0,
6.0,1658.107292,A2780cis_sample_averages.csv,monoculture_treated,,,0.0,
6.0,1412.739931,A2780cis_sample_averages.csv,monoculture_treated,,,0.0,
6.0,1639.093981,A2780cis_sample_averages.csv,monoculture_treated,,,0.0,
6.0,1838.596875,A2780cis_sample_averages.csv,monoculture_treated,,,0.0,
6.0,1544.120255,A2780cis_sample_averages.csv,monoculture_treated,,,0.0,
6.0,1239.394676,A2780cis_sample_averages.csv,monoculture_treated,,,0.0,
6.0,1261.499074,A2780cis_sample_averages.csv,monoculture_treated,,,0.0,
6.0,1740.177431,A2780cis_sample_averages.csv,monoculture_treated,,,0.0,
6.0,1747.665856,A2780cis_sample_averages.csv,monoculture_treated,,,0.0,
6.0,2355.131366,A2780cis_sample_averages.csv,monoculture_treated,,,0.0,
6.0,1715.290162,A2780cis_sample_averages.csv,monoculture_treated,,,0.0,
6.0,2087.603588,A2780cis_sample_averages.csv,monoculture_treated,,,0.0,
6.0,2137.800926,A2780cis_sample_averages.csv,monoculture_treated,,,0.0,
7.0,681.912963,A2780Naive_day_averages.csv,monoculture_treated,,,0.0,
7.0,1563.538156,A2780Naive_day_averages.csv,monoculture_treated,,,0.0,
7.0,2016.424422,A2780Naive_day_averages.csv,monoculture_treated,,,0.0,
7.0,908.636651,A2780Naive_day_averages.csv,monoculture_treated,,,0.0,
7.0,1784.317361,A2780Naive_day_averages.csv,monoculture_treated,,,0.0,
7.0,2895.899846,A2780Naive_day_averages.csv,monoculture_treated,,,0.0,
7.0,492.01713,A2780Naive_sample_averages.csv,monoculture_treated,,,0.0,
7.0,659.23588,A2780Naive_sample_averages.csv,monoculture_treated,,,0.0,
7.0,894.48588,A2780Naive_sample_averages.csv,monoculture_treated,,,0.0,
7.0,1557.258333,A2780Naive_sample_averages.csv,monoculture_treated,,,0.0,
7.0,1607.083449,A2780Naive_sample_averages.csv,monoculture_treated,,,0.0,
7.0,1526.272685,A2780Naive_sample_averages.csv,monoculture_treated,,,0.0,
7.0,2109.59213,A2780Naive_sample_averages.csv,monoculture_treated,,,0.0,
7.0,2256.806019,A2780Naive_sample_averages.csv,monoculture_treated,,,0.0,
7.0,1682.875116,A2780Naive_sample_averages.csv,monoculture_treated,,,0.0,
7.0,856.91412,A2780Naive_sample_averages.csv,monoculture_treated,,,0.0,
7.0,1006.368287,A2780Naive_sample_averages.csv,monoculture_treated,,,0.0,
7.0,862.627546,A2780Naive_sample_averages.csv,monoculture_treated,,,0.0,
7.0,1915.288079,A2780Naive_sample_averages.csv,monoculture_treated,,,0.0,
7.0,1878.018403,A2780Naive_sample_averages.csv,monoculture_treated,,,0.0,
7.0,1559.645602,A2780Naive_sample_averages.csv,monoculture_treated,,,0.0,
7.0,2616.218287,A2780Naive_sample_averages.csv,monoculture_treated,,,0.0,
7.0,3012.324421,A2780Naive_sample_averages.csv,monoculture_treated,,,0.0,
7.0,3059.156829,A2780Naive_sample_averages.csv,monoculture_treated,,,0.0,
7.0,1888.79267,A2780cis_day_averages.csv,monoculture_treated,,,0.0,
7.0,2346.510378,A2780cis_day_averages.csv,monoculture_treated,,,0.0,
7.0,2349.248958,A2780cis_day_averages.csv,monoculture_treated,,,0.0,
7.0,1881.759761,A2780cis_day_averages.csv,monoculture_treated,,,0.0,
7.0,2594.510609,A2780cis_day_averages.csv,monoculture_treated,,,0.0,
7.0,2670.847839,A2780cis_day_averages.csv,monoculture_treated,,,0.0,
7.0,1952.39294,A2780cis_sample_averages.csv,monoculture_treated,,,0.0,
7.0,2015.008796,A2780cis_sample_averages.csv,monoculture_treated,,,0.0,
7.0,1698.976273,A2780cis_sample_averages.csv,monoculture_treated,,,0.0,
7.0,2237.825,A2780cis_sample_averages.csv,monoculture_treated,,,0.0,
7.0,2408.152546,A2780cis_sample_averages.csv,monoculture_treated,,,0.0,
7.0,2393.553588,A2780cis_sample_averages.csv,monoculture_treated,,,0.0,
7.0,2077.490046,A2780cis_sample_averages.csv,monoculture_treated,,,0.0,
7.0,2280.544676,A2780cis_sample_averages.csv,monoculture_treated,,,0.0,
7.0,2689.712153,A2780cis_sample_averages.csv,monoculture_treated,,,0.0,
7.0,1789.116667,A2780cis_sample_averages.csv,monoculture_treated,,,0.0,
7.0,1957.183912,A2780cis_sample_averages.csv,monoculture_treated,,,0.0,
7.0,1898.978704,A2780cis_sample_averages.csv,monoculture_treated,,,0.0,
7.0,2377.378588,A2780cis_sample_averages.csv,monoculture_treated,,,0.0,
7.0,2525.786921,A2780cis_sample_averages.csv,monoculture_treated,,,0.0,
7.0,2880.366319,A2780cis_sample_averages.csv,monoculture_treated,,,0.0,
7.0,2522.267361,A2780cis_sample_averages.csv,monoculture_treated,,,0.0,
7.0,2653.206134,A2780cis_sample_averages.csv,monoculture_treated,,,0.0,
7.0,2837.070023,A2780cis_sample_averages.csv,monoculture_treated,,,0.0,
8.0,481.738503,A2780Naive_day_averages.csv,monoculture_treated,,,0.0,
8.0,1634.130247,A2780Naive_day_averages.csv,monoculture_treated,,,0.0,
8.0,2081.411111,A2780Naive_day_averages.csv,monoculture_treated,,,0.0,
8.0,684.295756,A2780Naive_day_averages.csv,monoculture_treated,,,0.0,
8.0,1754.768094,A2780Naive_day_averages.csv,monoculture_treated,,,0.0,
8.0,2949.133025,A2780Naive_day_averages.csv,monoculture_treated,,,0.0,
8.0,395.85463,A2780Naive_sample_averages.csv,monoculture_treated,,,0.0,
8.0,466.916435,A2780Naive_sample_averages.csv,monoculture_treated,,,0.0,
8.0,582.444444,A2780Naive_sample_averages.csv,monoculture_treated,,,0.0,
8.0,1576.301736,A2780Naive_sample_averages.csv,monoculture_treated,,,0.0,
8.0,1691.043056,A2780Naive_sample_averages.csv,monoculture_treated,,,0.0,
8.0,1635.045949,A2780Naive_sample_averages.csv,monoculture_treated,,,0.0,
8.0,2174.627662,A2780Naive_sample_averages.csv,monoculture_treated,,,0.0,
8.0,2179.494097,A2780Naive_sample_averages.csv,monoculture_treated,,,0.0,
8.0,1890.111574,A2780Naive_sample_averages.csv,monoculture_treated,,,0.0,
8.0,704.287616,A2780Naive_sample_averages.csv,monoculture_treated,,,0.0,
8.0,722.435185,A2780Naive_sample_averages.csv,monoculture_treated,,,0.0,
8.0,626.164468,A2780Naive_sample_averages.csv,monoculture_treated,,,0.0,
8.0,1869.473148,A2780Naive_sample_averages.csv,monoculture_treated,,,0.0,
8.0,1834.733912,A2780Naive_sample_averages.csv,monoculture_treated,,,0.0,
8.0,1560.097222,A2780Naive_sample_averages.csv,monoculture_treated,,,0.0,
8.0,2696.233796,A2780Naive_sample_averages.csv,monoculture_treated,,,0.0,
8.0,3043.966898,A2780Naive_sample_averages.csv,monoculture_treated,,,0.0,
8.0,3107.19838,A2780Naive_sample_averages.csv,monoculture_treated,,,0.0,
8.0,1640.846373,A2780cis_day_averages.csv,monoculture_treated,,,0.0,
8.0,2305.369097,A2780cis_day_averages.csv,monoculture_treated,,,0.0,
8.0,2344.200309,A2780cis_day_averages.csv,monoculture_treated,,,0.0,
8.0,1606.188773,A2780cis_day_averages.csv,monoculture_treated,,,0.0,
8.0,2352.010648,A2780cis_day_averages.csv,monoculture_treated,,,0.0,
8.0,2545.009915,A2780cis_day_averages.csv,monoculture_treated,,,0.0,
8.0,1643.588657,A2780cis_sample_averages.csv,monoculture_treated,,,0.0,
8.0,1789.357176,A2780cis_sample_averages.csv,monoculture_treated,,,0.0,
8.0,1489.593287,A2780cis_sample_averages.csv,monoculture_treated,,,0.0,
8.0,2035.690394,A2780cis_sample_averages.csv,monoculture_treated,,,0.0,
8.0,2466.047569,A2780cis_sample_averages.csv,monoculture_treated,,,0.0,
8.0,2414.369329,A2780cis_sample_averages.csv,monoculture_treated,,,0.0,
8.0,2157.079398,A2780cis_sample_averages.csv,monoculture_treated,,,0.0,
8.0,2451.959259,A2780cis_sample_averages.csv,monoculture_treated,,,0.0,
8.0,2423.562269,A2780cis_sample_averages.csv,monoculture_treated,,,0.0,
8.0,1593.043519,A2780cis_sample_averages.csv,monoculture_treated,,,0.0,
8.0,1651.27037,A2780cis_sample_averages.csv,monoculture_treated,,,0.0,
8.0,1574.252431,A2780cis_sample_averages.csv,monoculture_treated,,,0.0,
8.0,2284.593866,A2780cis_sample_averages.csv,monoculture_treated,,,0.0,
8.0,2395.960764,A2780cis_sample_averages.csv,monoculture_treated,,,0.0,
8.0,2375.477315,A2780cis_sample_averages.csv,monoculture_treated,,,0.0,
8.0,2507.567708,A2780cis_sample_averages.csv,monoculture_treated,,,0.0,
8.0,2475.070602,A2780cis_sample_averages.csv,monoculture_treated,,,0.0,
8.0,2652.391435,A2780cis_sample_averages.csv,monoculture_treated,,,0.0,
9.0,333.675617,A2780Naive_day_averages.csv,monoculture_treated,,,0.0,
9.0,1556.192554,A2780Naive_day_averages.csv,monoculture_treated,,,0.0,
9.0,2395.054707,A2780Naive_day_averages.csv,monoculture_treated,,,0.0,
9.0,451.471335,A2780Naive_day_averages.csv,monoculture_treated,,,0.0,
9.0,1630.943518,A2780Naive_day_averages.csv,monoculture_treated,,,0.0,
9.0,3220.295872,A2780Naive_day_averages.csv,monoculture_treated,,,0.0,
9.0,267.103819,A2780Naive_sample_averages.csv,monoculture_treated,,,0.0,
9.0,344.269329,A2780Naive_sample_averages.csv,monoculture_treated,,,0.0,
9.0,389.653704,A2780Naive_sample_averages.csv,monoculture_treated,,,0.0,
9.0,1425.170255,A2780Naive_sample_averages.csv,monoculture_treated,,,0.0,
9.0,1584.317824,A2780Naive_sample_averages.csv,monoculture_treated,,,0.0,
9.0,1659.089583,A2780Naive_sample_averages.csv,monoculture_treated,,,0.0,
9.0,2506.363889,A2780Naive_sample_averages.csv,monoculture_treated,,,0.0,
9.0,2479.985185,A2780Naive_sample_averages.csv,monoculture_treated,,,0.0,
9.0,2198.815046,A2780Naive_sample_averages.csv,monoculture_treated,,,0.0,
9.0,425.967361,A2780Naive_sample_averages.csv,monoculture_treated,,,0.0,
9.0,495.059144,A2780Naive_sample_averages.csv,monoculture_treated,,,0.0,
9.0,433.3875,A2780Naive_sample_averages.csv,monoculture_treated,,,0.0,
9.0,1603.51331,A2780Naive_sample_averages.csv,monoculture_treated,,,0.0,
9.0,1728.071412,A2780Naive_sample_averages.csv,monoculture_treated,,,0.0,
9.0,1561.245833,A2780Naive_sample_averages.csv,monoculture_treated,,,0.0,
9.0,2886.875116,A2780Naive_sample_averages.csv,monoculture_treated,,,0.0,
9.0,3365.264815,A2780Naive_sample_averages.csv,monoculture_treated,,,0.0,
9.0,3408.747685,A2780Naive_sample_averages.csv,monoculture_treated,,,0.0,
9.0,2390.450656,A2780cis_day_averages.csv,monoculture_treated,,,0.0,
9.0,3049.632677,A2780cis_day_averages.csv,monoculture_treated,,,0.0,
9.0,3261.814429,A2780cis_day_averages.csv,monoculture_treated,,,0.0,
9.0,2421.258526,A2780cis_day_averages.csv,monoculture_treated,,,0.0,
9.0,3220.085031,A2780cis_day_averages.csv,monoculture_treated,,,0.0,
9.0,3548.798727,A2780cis_day_averages.csv,monoculture_treated,,,0.0,
9.0,2492.358449,A2780cis_sample_averages.csv,monoculture_treated,,,0.0,
9.0,2328.386921,A2780cis_sample_averages.csv,monoculture_treated,,,0.0,
9.0,2350.606597,A2780cis_sample_averages.csv,monoculture_treated,,,0.0,
9.0,2842.74294,A2780cis_sample_averages.csv,monoculture_treated,,,0.0,
9.0,3178.341319,A2780cis_sample_averages.csv,monoculture_treated,,,0.0,
9.0,3127.813773,A2780cis_sample_averages.csv,monoculture_treated,,,0.0,
9.0,3053.332176,A2780cis_sample_averages.csv,monoculture_treated,,,0.0,
9.0,3249.810995,A2780cis_sample_averages.csv,monoculture_treated,,,0.0,
9.0,3482.300116,A2780cis_sample_averages.csv,monoculture_treated,,,0.0,
9.0,2385.082407,A2780cis_sample_averages.csv,monoculture_treated,,,0.0,
9.0,2504.958218,A2780cis_sample_averages.csv,monoculture_treated,,,0.0,
9.0,2373.734954,A2780cis_sample_averages.csv,monoculture_treated,,,0.0,
9.0,3032.127778,A2780cis_sample_averages.csv,monoculture_treated,,,0.0,
9.0,3171.603819,A2780cis_sample_averages.csv,monoculture_treated,,,0.0,
9.0,3456.523495,A2780cis_sample_averages.csv,monoculture_treated,,,0.0,
9.0,3487.466319,A2780cis_sample_averages.csv,monoculture_treated,,,0.0,
9.0,3541.178935,A2780cis_sample_averages.csv,monoculture_treated,,,0.0,
9.0,3617.750926,A2780cis_sample_averages.csv,monoculture_treated,,,0.0,
10.0,232.341744,A2780Naive_day_averages.csv,monoculture_treated,,,0.0,
10.0,1522.992284,A2780Naive_day_averages.csv,monoculture_treated,,,0.0,
10.0,2537.198418,A2780Naive_day_averages.csv,monoculture_treated,,,0.0,
10.0,351.642129,A2780Naive_day_averages.csv,monoculture_treated,,,0.0,
10.0,1765.695949,A2780Naive_day_averages.csv,monoculture_treated,,,0.0,
10.0,2758.770833,A2780Naive_day_averages.csv,monoculture_treated,,,0.0,
10.0,201.815394,A2780Naive_sample_averages.csv,monoculture_treated,,,0.0,
10.0,240.090162,A2780Naive_sample_averages.csv,monoculture_treated,,,0.0,
10.0,255.119676,A2780Naive_sample_averages.csv,monoculture_treated,,,0.0,
10.0,1622.392708,A2780Naive_sample_averages.csv,monoculture_treated,,,0.0,
10.0,1759.786343,A2780Naive_sample_averages.csv,monoculture_treated,,,0.0,
10.0,1186.797801,A2780Naive_sample_averages.csv,monoculture_treated,,,0.0,
10.0,2712.872801,A2780Naive_sample_averages.csv,monoculture_treated,,,0.0,
10.0,2663.041204,A2780Naive_sample_averages.csv,monoculture_treated,,,0.0,
10.0,2235.68125,A2780Naive_sample_averages.csv,monoculture_treated,,,0.0,
10.0,370.128356,A2780Naive_sample_averages.csv,monoculture_treated,,,0.0,
10.0,401.274074,A2780Naive_sample_averages.csv,monoculture_treated,,,0.0,
10.0,283.523958,A2780Naive_sample_averages.csv,monoculture_treated,,,0.0,
10.0,1878.830903,A2780Naive_sample_averages.csv,monoculture_treated,,,0.0,
10.0,1713.246759,A2780Naive_sample_averages.csv,monoculture_treated,,,0.0,
10.0,1705.010185,A2780Naive_sample_averages.csv,monoculture_treated,,,0.0,
10.0,2591.903588,A2780Naive_sample_averages.csv,monoculture_treated,,,0.0,
10.0,2762.65162,A2780Naive_sample_averages.csv,monoculture_treated,,,0.0,
10.0,2921.757292,A2780Naive_sample_averages.csv,monoculture_treated,,,0.0,
10.0,1885.212654,A2780cis_day_averages.csv,monoculture_treated,,,0.0,
10.0,3134.858873,A2780cis_day_averages.csv,monoculture_treated,,,0.0,
10.0,2744.403163,A2780cis_day_averages.csv,monoculture_treated,,,0.0,
10.0,1957.23804,A2780cis_day_averages.csv,monoculture_treated,,,0.0,
10.0,2953.806752,A2780cis_day_averages.csv,monoculture_treated,,,0.0,
10.0,2897.710455,A2780cis_day_averages.csv,monoculture_treated,,,0.0,
10.0,1762.939468,A2780cis_sample_averages.csv,monoculture_treated,,,0.0,
10.0,2005.652199,A2780cis_sample_averages.csv,monoculture_treated,,,0.0,
10.0,1887.046296,A2780cis_sample_averages.csv,monoculture_treated,,,0.0,
10.0,2867.669676,A2780cis_sample_averages.csv,monoculture_treated,,,0.0,
10.0,3153.338773,A2780cis_sample_averages.csv,monoculture_treated,,,0.0,
10.0,3383.568171,A2780cis_sample_averages.csv,monoculture_treated,,,0.0,
10.0,2375.641898,A2780cis_sample_averages.csv,monoculture_treated,,,0.0,
10.0,3001.510648,A2780cis_sample_averages.csv,monoculture_treated,,,0.0,
10.0,2856.056944,A2780cis_sample_averages.csv,monoculture_treated,,,0.0,
10.0,2121.842824,A2780cis_sample_averages.csv,monoculture_treated,,,0.0,
10.0,1840.48669,A2780cis_sample_averages.csv,monoculture_treated,,,0.0,
10.0,1909.384606,A2780cis_sample_averages.csv,monoculture_treated,,,0.0,
10.0,2794.635532,A2780cis_sample_averages.csv,monoculture_treated,,,0.0,
10.0,2856.253704,A2780cis_sample_averages.csv,monoculture_treated,,,0.0,
10.0,3210.531019,A2780cis_sample_averages.csv,monoculture_treated,,,0.0,
10.0,2798.190278,A2780cis_sample_averages.csv,monoculture_treated,,,0.0,
10.0,3093.407523,A2780cis_sample_averages.csv,monoculture_treated,,,0.0,
10.0,2801.533565,A2780cis_sample_averages.csv,monoculture_treated,,,0.0,
11.0,155.320448,A2780Naive_day_averages.csv,monoculture_treated,,,0.0,
11.0,1608.247685,A2780Naive_day_averages.csv,monoculture_treated,,,0.0,
11.0,3073.8875,A2780Naive_day_averages.csv,monoculture_treated,,,0.0,
11.0,239.048881,A2780Naive_day_averages.csv,monoculture_treated,,,0.0,
11.0,1797.057716,A2780Naive_day_averages.csv,monoculture_treated,,,0.0,
11.0,3434.9652,A2780Naive_day_averages.csv,monoculture_treated,,,0.0,
11.0,142.7375,A2780Naive_sample_averages.csv,monoculture_treated,,,0.0,
11.0,154.387616,A2780Naive_sample_averages.csv,monoculture_treated,,,0.0,
11.0,168.836227,A2780Naive_sample_averages.csv,monoculture_treated,,,0.0,
11.0,1660.895023,A2780Naive_sample_averages.csv,monoculture_treated,,,0.0,
11.0,1811.184028,A2780Naive_sample_averages.csv,monoculture_treated,,,0.0,
11.0,1352.664005,A2780Naive_sample_averages.csv,monoculture_treated,,,0.0,
11.0,3321.203241,A2780Naive_sample_averages.csv,monoculture_treated,,,0.0,
11.0,3170.084606,A2780Naive_sample_averages.csv,monoculture_treated,,,0.0,
11.0,2730.374653,A2780Naive_sample_averages.csv,monoculture_treated,,,0.0,
11.0,253.31875,A2780Naive_sample_averages.csv,monoculture_treated,,,0.0,
11.0,267.150347,A2780Naive_sample_averages.csv,monoculture_treated,,,0.0,
11.0,196.677546,A2780Naive_sample_averages.csv,monoculture_treated,,,0.0,
11.0,2000.482523,A2780Naive_sample_averages.csv,monoculture_treated,,,0.0,
11.0,1688.086111,A2780Naive_sample_averages.csv,monoculture_treated,,,0.0,
11.0,1702.604514,A2780Naive_sample_averages.csv,monoculture_treated,,,0.0,
11.0,3078.653356,A2780Naive_sample_averages.csv,monoculture_treated,,,0.0,
11.0,3746.795023,A2780Naive_sample_averages.csv,monoculture_treated,,,0.0,
11.0,3479.447222,A2780Naive_sample_averages.csv,monoculture_treated,,,0.0,
11.0,2693.787886,A2780cis_day_averages.csv,monoculture_treated,,,0.0,
11.0,3720.538503,A2780cis_day_averages.csv,monoculture_treated,,,0.0,
11.0,3624.010957,A2780cis_day_averages.csv,monoculture_treated,,,0.0,
11.0,2537.103395,A2780cis_day_averages.csv,monoculture_treated,,,0.0,
11.0,3595.11142,A2780cis_day_averages.csv,monoculture_treated,,,0.0,
11.0,3797.833449,A2780cis_day_averages.csv,monoculture_treated,,,0.0,
11.0,2519.041088,A2780cis_sample_averages.csv,monoculture_treated,,,0.0,
11.0,2869.570023,A2780cis_sample_averages.csv,monoculture_treated,,,0.0,
11.0,2692.752546,A2780cis_sample_averages.csv,monoculture_treated,,,0.0,
11.0,3563.988542,A2780cis_sample_averages.csv,monoculture_treated,,,0.0,
11.0,3773.710532,A2780cis_sample_averages.csv,monoculture_treated,,,0.0,
11.0,3823.916435,A2780cis_sample_averages.csv,monoculture_treated,,,0.0,
11.0,3269.23287,A2780cis_sample_averages.csv,monoculture_treated,,,0.0,
11.0,3754.017361,A2780cis_sample_averages.csv,monoculture_treated,,,0.0,
11.0,3848.782639,A2780cis_sample_averages.csv,monoculture_treated,,,0.0,
11.0,2700.534144,A2780cis_sample_averages.csv,monoculture_treated,,,0.0,
11.0,2339.27662,A2780cis_sample_averages.csv,monoculture_treated,,,0.0,
11.0,2571.499421,A2780cis_sample_averages.csv,monoculture_treated,,,0.0,
11.0,3415.588542,A2780cis_sample_averages.csv,monoculture_treated,,,0.0,
11.0,3725.274421,A2780cis_sample_averages.csv,monoculture_treated,,,0.0,
11.0,3644.471296,A2780cis_sample_averages.csv,monoculture_treated,,,0.0,
11.0,3571.231829,A2780cis_sample_averages.csv,monoculture_treated,,,0.0,
11.0,3836.341551,A2780cis_sample_averages.csv,monoculture_treated,,,0.0,
11.0,3985.926968,A2780cis_sample_averages.csv,monoculture_treated,,,0.0,
12.0,103.907562,A2780Naive_day_averages.csv,monoculture_treated,,,0.0,
12.0,1500.928164,A2780Naive_day_averages.csv,monoculture_treated,,,0.0,
12.0,3042.368326,A2780Naive_day_averages.csv,monoculture_treated,,,0.0,
12.0,153.482562,A2780Naive_day_averages.csv,monoculture_treated,,,0.0,
12.0,1664.883989,A2780Naive_day_averages.csv,monoculture_treated,,,0.0,
12.0,3115.501775,A2780Naive_day_averages.csv,monoculture_treated,,,0.0,
12.0,79.883218,A2780Naive_sample_averages.csv,monoculture_treated,,,0.0,
12.0,111.71794,A2780Naive_sample_averages.csv,monoculture_treated,,,0.0,
12.0,120.121528,A2780Naive_sample_averages.csv,monoculture_treated,,,0.0,
12.0,1586.632292,A2780Naive_sample_averages.csv,monoculture_treated,,,0.0,
12.0,1507.908333,A2780Naive_sample_averages.csv,monoculture_treated,,,0.0,
12.0,1408.243866,A2780Naive_sample_averages.csv,monoculture_treated,,,0.0,
12.0,3123.035417,A2780Naive_sample_averages.csv,monoculture_treated,,,0.0,
12.0,3118.76169,A2780Naive_sample_averages.csv,monoculture_treated,,,0.0,
12.0,2885.30787,A2780Naive_sample_averages.csv,monoculture_treated,,,0.0,
12.0,164.456134,A2780Naive_sample_averages.csv,monoculture_treated,,,0.0,
12.0,176.625463,A2780Naive_sample_averages.csv,monoculture_treated,,,0.0,
12.0,119.366088,A2780Naive_sample_averages.csv,monoculture_treated,,,0.0,
12.0,1676.259259,A2780Naive_sample_averages.csv,monoculture_treated,,,0.0,
12.0,1636.224074,A2780Naive_sample_averages.csv,monoculture_treated,,,0.0,
12.0,1682.168634,A2780Naive_sample_averages.csv,monoculture_treated,,,0.0,
12.0,2784.171528,A2780Naive_sample_averages.csv,monoculture_treated,,,0.0,
12.0,3368.380556,A2780Naive_sample_averages.csv,monoculture_treated,,,0.0,
12.0,3193.953241,A2780Naive_sample_averages.csv,monoculture_treated,,,0.0,
12.0,2554.914468,A2780cis_day_averages.csv,monoculture_treated,,,0.0,
12.0,2824.667709,A2780cis_day_averages.csv,monoculture_treated,,,0.0,
12.0,2656.839391,A2780cis_day_averages.csv,monoculture_treated,,,0.0,
12.0,2244.322531,A2780cis_day_averages.csv,monoculture_treated,,,0.0,
12.0,2534.660455,A2780cis_day_averages.csv,monoculture_treated,,,0.0,
12.0,2884.930286,A2780cis_day_averages.csv,monoculture_treated,,,0.0,
12.0,2421.52419,A2780cis_sample_averages.csv,monoculture_treated,,,0.0,
12.0,2780.724884,A2780cis_sample_averages.csv,monoculture_treated,,,0.0,
12.0,2462.494329,A2780cis_sample_averages.csv,monoculture_treated,,,0.0,
12.0,2833.870139,A2780cis_sample_averages.csv,monoculture_treated,,,0.0,
12.0,2987.524769,A2780cis_sample_averages.csv,monoculture_treated,,,0.0,
12.0,2652.608218,A2780cis_sample_averages.csv,monoculture_treated,,,0.0,
12.0,2421.899306,A2780cis_sample_averages.csv,monoculture_treated,,,0.0,
12.0,2732.355903,A2780cis_sample_averages.csv,monoculture_treated,,,0.0,
12.0,2816.262963,A2780cis_sample_averages.csv,monoculture_treated,,,0.0,
12.0,2497.069676,A2780cis_sample_averages.csv,monoculture_treated,,,0.0,
12.0,2132.741088,A2780cis_sample_averages.csv,monoculture_treated,,,0.0,
12.0,2103.156829,A2780cis_sample_averages.csv,monoculture_treated,,,0.0,
12.0,2586.729282,A2780cis_sample_averages.csv,monoculture_treated,,,0.0,
12.0,2345.377431,A2780cis_sample_averages.csv,monoculture_treated,,,0.0,
12.0,2671.874653,A2780cis_sample_averages.csv,monoculture_treated,,,0.0,
12.0,2888.58588,A2780cis_sample_averages.csv,monoculture_treated,,,0.0,
12.0,3045.598264,A2780cis_sample_averages.csv,monoculture_treated,,,0.0,
12.0,2720.606713,A2780cis_sample_averages.csv,monoculture_treated,,,0.0,
13.0,71.525231,A2780Naive_day_averages.csv,monoculture_treated,,,0.0,
13.0,2011.225424,A2780Naive_day_averages.csv,monoculture_treated,,,0.0,
13.0,3537.746373,A2780Naive_day_averages.csv,monoculture_treated,,,0.0,
13.0,115.127353,A2780Naive_day_averages.csv,monoculture_treated,,,0.0,
13.0,1869.518326,A2780Naive_day_averages.csv,monoculture_treated,,,0.0,
13.0,3633.648958,A2780Naive_day_averages.csv,monoculture_treated,,,0.0,
13.0,76.093866,A2780Naive_sample_averages.csv,monoculture_treated,,,0.0,
13.0,59.314583,A2780Naive_sample_averages.csv,monoculture_treated,,,0.0,
13.0,79.167245,A2780Naive_sample_averages.csv,monoculture_treated,,,0.0,
13.0,1877.774421,A2780Naive_sample_averages.csv,monoculture_treated,,,0.0,
13.0,2191.277894,A2780Naive_sample_averages.csv,monoculture_treated,,,0.0,
13.0,1964.623958,A2780Naive_sample_averages.csv,monoculture_treated,,,0.0,
13.0,3500.011806,A2780Naive_sample_averages.csv,monoculture_treated,,,0.0,
13.0,3638.49537,A2780Naive_sample_averages.csv,monoculture_treated,,,0.0,
13.0,3474.731944,A2780Naive_sample_averages.csv,monoculture_treated,,,0.0,
13.0,130.490278,A2780Naive_sample_averages.csv,monoculture_treated,,,0.0,
13.0,127.391088,A2780Naive_sample_averages.csv,monoculture_treated,,,0.0,
13.0,87.500694,A2780Naive_sample_averages.csv,monoculture_treated,,,0.0,
13.0,2048.668866,A2780Naive_sample_averages.csv,monoculture_treated,,,0.0,
13.0,1750.994792,A2780Naive_sample_averages.csv,monoculture_treated,,,0.0,
13.0,1808.891319,A2780Naive_sample_averages.csv,monoculture_treated,,,0.0,
13.0,3456.64213,A2780Naive_sample_averages.csv,monoculture_treated,,,0.0,
13.0,3871.640972,A2780Naive_sample_averages.csv,monoculture_treated,,,0.0,
13.0,3572.663773,A2780Naive_sample_averages.csv,monoculture_treated,,,0.0,
13.0,3229.309028,A2780cis_day_averages.csv,monoculture_treated,,,0.0,
13.0,3906.991705,A2780cis_day_averages.csv,monoculture_treated,,,0.0,
13.0,3902.575039,A2780cis_day_averages.csv,monoculture_treated,,,0.0,
13.0,2827.44294,A2780cis_day_averages.csv,monoculture_treated,,,0.0,
13.0,3853.449229,A2780cis_day_averages.csv,monoculture_treated,,,0.0,
13.0,4146.366088,A2780cis_day_averages.csv,monoculture_treated,,,0.0,
13.0,3104.487153,A2780cis_sample_averages.csv,monoculture_treated,,,0.0,
13.0,3378.862847,A2780cis_sample_averages.csv,monoculture_treated,,,0.0,
13.0,3204.577083,A2780cis_sample_averages.csv,monoculture_treated,,,0.0,
13.0,3819.365278,A2780cis_sample_averages.csv,monoculture_treated,,,0.0,
13.0,3950.427431,A2780cis_sample_averages.csv,monoculture_treated,,,0.0,
13.0,3951.182407,A2780cis_sample_averages.csv,monoculture_treated,,,0.0,
13.0,3527.602199,A2780cis_sample_averages.csv,monoculture_treated,,,0.0,
13.0,4079.821528,A2780cis_sample_averages.csv,monoculture_treated,,,0.0,
13.0,4100.301389,A2780cis_sample_averages.csv,monoculture_treated,,,0.0,
13.0,2972.137384,A2780cis_sample_averages.csv,monoculture_treated,,,0.0,
13.0,2753.533218,A2780cis_sample_averages.csv,monoculture_treated,,,0.0,
13.0,2756.658218,A2780cis_sample_averages.csv,monoculture_treated,,,0.0,
13.0,3571.239468,A2780cis_sample_averages.csv,monoculture_treated,,,0.0,
13.0,3889.531713,A2780cis_sample_averages.csv,monoculture_treated,,,0.0,
13.0,4099.576505,A2780cis_sample_averages.csv,monoculture_treated,,,0.0,
13.0,4064.227199,A2780cis_sample_averages.csv,monoculture_treated,,,0.0,
13.0,4196.991319,A2780cis_sample_averages.csv,monoculture_treated,,,0.0,
13.0,4177.879745,A2780cis_sample_averages.csv,monoculture_treated,,,0.0,
14.0,36.609954,A2780Naive_day_averages.csv,monoculture_treated,,,0.0,
14.0,2445.406713,A2780Naive_day_averages.csv,monoculture_treated,,,0.0,
14.0,3458.380864,A2780Naive_day_averages.csv,monoculture_treated,,,0.0,
14.0,60.396605,A2780Naive_day_averages.csv,monoculture_treated,,,0.0,
14.0,2521.753626,A2780Naive_day_averages.csv,monoculture_treated,,,0.0,
14.0,3423.783179,A2780Naive_day_averages.csv,monoculture_treated,,,0.0,
14.0,38.263657,A2780Naive_sample_averages.csv,monoculture_treated,,,0.0,
14.0,30.733565,A2780Naive_sample_averages.csv,monoculture_treated,,,0.0,
14.0,40.832639,A2780Naive_sample_averages.csv,monoculture_treated,,,0.0,
14.0,2186.158796,A2780Naive_sample_averages.csv,monoculture_treated,,,0.0,
14.0,2183.648495,A2780Naive_sample_averages.csv,monoculture_treated,,,0.0,
14.0,2966.412847,A2780Naive_sample_averages.csv,monoculture_treated,,,0.0,
14.0,3554.566319,A2780Naive_sample_averages.csv,monoculture_treated,,,0.0,
14.0,3486.07963,A2780Naive_sample_averages.csv,monoculture_treated,,,0.0,
14.0,3334.496644,A2780Naive_sample_averages.csv,monoculture_treated,,,0.0,
14.0,67.37419,A2780Naive_sample_averages.csv,monoculture_treated,,,0.0,
14.0,64.456597,A2780Naive_sample_averages.csv,monoculture_treated,,,0.0,
14.0,49.359028,A2780Naive_sample_averages.csv,monoculture_treated,,,0.0,
14.0,2624.928819,A2780Naive_sample_averages.csv,monoculture_treated,,,0.0,
14.0,2176.738889,A2780Naive_sample_averages.csv,monoculture_treated,,,0.0,
14.0,2763.593171,A2780Naive_sample_averages.csv,monoculture_treated,,,0.0,
14.0,3188.413773,A2780Naive_sample_averages.csv,monoculture_treated,,,0.0,
14.0,3582.51713,A2780Naive_sample_averages.csv,monoculture_treated,,,0.0,
14.0,3500.418634,A2780Naive_sample_averages.csv,monoculture_treated,,,0.0,
14.0,3171.784761,A2780cis_day_averages.csv,monoculture_treated,,,0.0,
14.0,4011.975926,A2780cis_day_averages.csv,monoculture_treated,,,0.0,
14.0,2987.771682,A2780cis_day_averages.csv,monoculture_treated,,,0.0,
14.0,3433.938387,A2780cis_day_averages.csv,monoculture_treated,,,0.0,
14.0,4116.669907,A2780cis_day_averages.csv,monoculture_treated,,,0.0,
14.0,3326.884761,A2780cis_day_averages.csv,monoculture_treated,,,0.0,
14.0,2944.679398,A2780cis_sample_averages.csv,monoculture_treated,,,0.0,
14.0,3197.698495,A2780cis_sample_averages.csv,monoculture_treated,,,0.0,
14.0,3372.976389,A2780cis_sample_averages.csv,monoculture_treated,,,0.0,
14.0,4076.656944,A2780cis_sample_averages.csv,monoculture_treated,,,0.0,
14.0,4256.412269,A2780cis_sample_averages.csv,monoculture_treated,,,0.0,
14.0,3702.858565,A2780cis_sample_averages.csv,monoculture_treated,,,0.0,
14.0,2836.626042,A2780cis_sample_averages.csv,monoculture_treated,,,0.0,
14.0,3193.987384,A2780cis_sample_averages.csv,monoculture_treated,,,0.0,
14.0,2932.70162,A2780cis_sample_averages.csv,monoculture_treated,,,0.0,
14.0,3251.699306,A2780cis_sample_averages.csv,monoculture_treated,,,0.0,
14.0,3319.551273,A2780cis_sample_averages.csv,monoculture_treated,,,0.0,
14.0,3730.564583,A2780cis_sample_averages.csv,monoculture_treated,,,0.0,
14.0,4061.074537,A2780cis_sample_averages.csv,monoculture_treated,,,0.0,
14.0,4174.659028,A2780cis_sample_averages.csv,monoculture_treated,,,0.0,
14.0,4114.276157,A2780cis_sample_averages.csv,monoculture_treated,,,0.0,
14.0,3221.911574,A2780cis_sample_averages.csv,monoculture_treated,,,0.0,
14.0,3215.121065,A2780cis_sample_averages.csv,monoculture_treated,,,0.0,
14.0,3543.621644,A2780cis_sample_averages.csv,monoculture_treated,,,0.0,
