Image,Cells µm^2,Confluency %,Perimeter µm,Unnamed: 4
75-25_co-cultureA2780_15and20_Day10_TX RED_Tile-0_A1.tif,4103.384027777778,93.2077495,20289.5,90.8332275
75-25_co-cultureA2780_15and20_Day10_TX RED_Tile-0_A4.tif,4203.175694444445,95.47450216,20103.1,90.70447585
75-25_co-cultureA2780_15and20_Day10_TX RED_Tile-0_B1.tif,3958.0354166666666,89.90617772,31082.3,86.9404597
75-25_co-cultureA2780_15and20_Day10_TX RED_Tile-0_B4.tif,4004.959722222222,90.97205624,28649.5,
75-25_co-cultureA2780_15and20_Day10_TX RED_Tile-0_C1.tif,3882.459722222222,88.18948721,36303.8,92.64270974
75-25_co-cultureA2780_15and20_Day10_TX RED_Tile-0_C4.tif,3903.460416666667,88.66651482,32099.6,86.98879185
75-25_co-cultureA2780_15and20_Day10_TX RED_Tile-1_A1.tif,2575.7055555555557,58.50676334,44914.1,86.47531795
75-25_co-cultureA2780_15and20_Day10_TX RED_Tile-1_A4.tif,3897.978472222223,88.54199328,38518.9,
75-25_co-cultureA2780_15and20_Day10_TX RED_Tile-1_B1.tif,3616.641666666667,82.15147016,41024.4,
75-25_co-cultureA2780_15and20_Day10_TX RED_Tile-1_B4.tif,3675.647916666667,83.49178823,43519.8,
75-25_co-cultureA2780_15and20_Day10_TX RED_Tile-1_C1.tif,3613.777777777778,82.08641735,45456.2,
75-25_co-cultureA2780_15and20_Day10_TX RED_Tile-1_C4.tif,3364.873611111111,76.43259674,48946.1,
75-25_co-cultureA2780_15and20_Day10_TX RED_Tile-2_A1.tif,4387.658333333334,99.66499749,4268.2,
75-25_co-cultureA2780_15and20_Day10_TX RED_Tile-2_A4.tif,4122.107638888889,93.63305351,26055.8,
75-25_co-cultureA2780_15and20_Day10_TX RED_Tile-2_B1.tif,4112.138194444445,93.40659908,24065.4,
75-25_co-cultureA2780_15and20_Day10_TX RED_Tile-2_B4.tif,3911.2055555555553,88.84244448,33617.6,
75-25_co-cultureA2780_15and20_Day10_TX RED_Tile-2_C1.tif,4051.2659722222224,92.02389573,26976.3,
75-25_co-cultureA2780_15and20_Day10_TX RED_Tile-2_C4.tif,3864.9659722222223,87.79211932,34633.5,
75-25_co-cultureA2780_15and20_Day10_TX RED_Tile-3_A1.tif,4394.009027777778,99.80925256,4336.5,
75-25_co-cultureA2780_15and20_Day10_TX RED_Tile-3_A4.tif,4004.3409722222223,90.95800143,35595.2,
75-25_co-cultureA2780_15and20_Day10_TX RED_Tile-3_B1.tif,4044.51875,91.87063359,27670.6,
75-25_co-cultureA2780_15and20_Day10_TX RED_Tile-3_B4.tif,3447.54375,78.31043648,58491.2,
75-25_co-cultureA2780_15and20_Day10_TX RED_Tile-3_C1.tif,3866.11875,87.81830449,35455.8,
75-25_co-cultureA2780_15and20_Day10_TX RED_Tile-3_C4.tif,3738.070138888889,84.9096996,41693.0,
75-25_co-cultureA2780_15and20_Day10_TX RED_Tile-4_A1.tif,4346.229861111111,98.72395599,8438.2,
75-25_co-cultureA2780_15and20_Day10_TX RED_Tile-4_A4.tif,4122.023611111112,93.63114483,24041.3,
75-25_co-cultureA2780_15and20_Day10_TX RED_Tile-4_B1.tif,4120.132638888888,93.58819168,22493.3,
75-25_co-cultureA2780_15and20_Day10_TX RED_Tile-4_B4.tif,3981.695833333333,90.44362051,32661.6,
75-25_co-cultureA2780_15and20_Day10_TX RED_Tile-4_C1.tif,3798.376388888888,86.27954697,37140.3,
75-25_co-cultureA2780_15and20_Day10_TX RED_Tile-4_C4.tif,4049.3930555555553,91.98135271,28254.0,
75-25_co-cultureA2780_15and20_Day10_TX RED_Tile-5_A1.tif,4186.100694444444,95.08664611,18956.4,
75-25_co-cultureA2780_15and20_Day10_TX RED_Tile-5_A4.tif,4121.425694444445,93.61756324,29303.9,
75-25_co-cultureA2780_15and20_Day10_TX RED_Tile-5_B1.tif,4107.611805555555,93.30378284,24165.0,
75-25_co-cultureA2780_15and20_Day10_TX RED_Tile-5_B4.tif,3956.5486111111113,89.87240515,31088.0,
75-25_co-cultureA2780_15and20_Day10_TX RED_Tile-5_C1.tif,3752.836111111111,85.24510643,40867.9,
75-25_co-cultureA2780_15and20_Day10_TX RED_Tile-5_C4.tif,3921.2069444444446,89.06962452,34401.6,
75-25_co-cultureA2780_15and20_Day12_TX RED_Tile-0_A1.tif,4105.489583333333,93.25557688,22260.0,92.73268578
75-25_co-cultureA2780_15and20_Day12_TX RED_Tile-0_A4.tif,3913.718055555556,88.89951554,35287.9,87.8064791
75-25_co-cultureA2780_15and20_Day12_TX RED_Tile-0_B1.tif,3819.292361111111,86.75465013,34098.5,87.21499652
75-25_co-cultureA2780_15and20_Day12_TX RED_Tile-0_B4.tif,4175.375,94.84301358,19498.5,
75-25_co-cultureA2780_15and20_Day12_TX RED_Tile-0_C1.tif,4053.4375,92.07322165,31408.1,93.01999445
75-25_co-cultureA2780_15and20_Day12_TX RED_Tile-0_C4.tif,3828.647222222222,86.96714439,35091.6,93.19760144
75-25_co-cultureA2780_15and20_Day12_TX RED_Tile-1_A1.tif,3312.4069444444444,75.24082431,41654.6,88.75029949
75-25_co-cultureA2780_15and20_Day12_TX RED_Tile-1_A4.tif,4039.777777777778,91.76294312,29830.3,
75-25_co-cultureA2780_15and20_Day12_TX RED_Tile-1_B1.tif,3418.1583333333333,77.64295117,52855.8,
75-25_co-cultureA2780_15and20_Day12_TX RED_Tile-1_B4.tif,3928.5756944444447,89.23700457,33910.7,
75-25_co-cultureA2780_15and20_Day12_TX RED_Tile-1_C1.tif,3767.3145833333338,85.57398274,39201.8,
75-25_co-cultureA2780_15and20_Day12_TX RED_Tile-1_C4.tif,3886.806944444444,88.28823371,35586.7,
75-25_co-cultureA2780_15and20_Day12_TX RED_Tile-2_A1.tif,4376.486805555555,99.41123792,5407.8,
75-25_co-cultureA2780_15and20_Day12_TX RED_Tile-2_A4.tif,4369.599305555556,99.2547894,6423.6,
75-25_co-cultureA2780_15and20_Day12_TX RED_Tile-2_B1.tif,4160.721527777778,94.51016217,19812.9,
75-25_co-cultureA2780_15and20_Day12_TX RED_Tile-2_B4.tif,4342.241666666667,98.63336476,8653.0,
75-25_co-cultureA2780_15and20_Day12_TX RED_Tile-2_C1.tif,3899.070833333333,88.5668061,33714.4,
75-25_co-cultureA2780_15and20_Day12_TX RED_Tile-2_C4.tif,4374.156944444444,99.35831548,5525.9,
75-25_co-cultureA2780_15and20_Day12_TX RED_Tile-3_A1.tif,4323.289583333333,98.20287104,10104.2,
75-25_co-cultureA2780_15and20_Day12_TX RED_Tile-3_A4.tif,4053.968055555556,92.08527314,26578.0,
75-25_co-cultureA2780_15and20_Day12_TX RED_Tile-3_B1.tif,4021.318055555556,91.34363332,28152.9,
75-25_co-cultureA2780_15and20_Day12_TX RED_Tile-3_B4.tif,4108.581944444445,93.3258194,27222.5,
75-25_co-cultureA2780_15and20_Day12_TX RED_Tile-3_C1.tif,3578.140277777778,81.27691691,50637.7,
75-25_co-cultureA2780_15and20_Day12_TX RED_Tile-3_C4.tif,3542.2326388888887,80.46128031,44124.5,
75-25_co-cultureA2780_15and20_Day12_TX RED_Tile-4_A1.tif,4193.610416666666,95.25722832,21000.9,
75-25_co-cultureA2780_15and20_Day12_TX RED_Tile-4_A4.tif,4147.606250000001,94.21225061,20914.1,
75-25_co-cultureA2780_15and20_Day12_TX RED_Tile-4_B1.tif,3840.251388888888,87.23073128,36742.0,
75-25_co-cultureA2780_15and20_Day12_TX RED_Tile-4_B4.tif,4137.183333333333,93.97549563,27312.1,
75-25_co-cultureA2780_15and20_Day12_TX RED_Tile-4_C1.tif,3874.422916666667,88.00693239,34361.7,
75-25_co-cultureA2780_15and20_Day12_TX RED_Tile-4_C4.tif,4095.266666666667,93.02336487,25788.4,
75-25_co-cultureA2780_15and20_Day12_TX RED_Tile-5_A1.tif,4183.535416666667,95.02837622,18822.7,
75-25_co-cultureA2780_15and20_Day12_TX RED_Tile-5_A4.tif,4046.040277777778,91.90519487,30042.3,
75-25_co-cultureA2780_15and20_Day12_TX RED_Tile-5_B1.tif,3933.847222222222,89.35674653,31815.0,
75-25_co-cultureA2780_15and20_Day12_TX RED_Tile-5_B4.tif,3925.665972222223,89.17091067,35185.5,
75-25_co-cultureA2780_15and20_Day12_TX RED_Tile-5_C1.tif,3864.9659722222223,87.79211932,37662.5,
75-25_co-cultureA2780_15and20_Day12_TX RED_Tile-5_C4.tif,3715.7833333333338,84.40345817,38622.8,
75-25_co-cultureA2780_15and20_Day14_TX RED_Tile-0_A1.tif,3900.7159722222223,88.60417518,31203.3,91.24725032
75-25_co-cultureA2780_15and20_Day14_TX RED_Tile-0_A4.tif,3903.3722222222223,88.6645115,38896.0,89.62805752
75-25_co-cultureA2780_15and20_Day14_TX RED_Tile-0_B1.tif,3917.654166666666,88.98892371,35078.8,83.1547698
75-25_co-cultureA2780_15and20_Day14_TX RED_Tile-0_B4.tif,4142.366666666667,94.09323427,21927.1,
75-25_co-cultureA2780_15and20_Day14_TX RED_Tile-0_C1.tif,3705.4583333333335,84.16892735,48226.2,91.23878746
75-25_co-cultureA2780_15and20_Day14_TX RED_Tile-0_C4.tif,4111.322916666667,93.38808017,22863.2,90.37027837
75-25_co-cultureA2780_15and20_Day14_TX RED_Tile-1_A1.tif,3144.3458333333333,71.42334151,51711.9,93.23630607
75-25_co-cultureA2780_15and20_Day14_TX RED_Tile-1_A4.tif,3906.5354166666666,88.73636298,39006.9,
75-25_co-cultureA2780_15and20_Day14_TX RED_Tile-1_B1.tif,3607.132638888889,81.93547403,46133.4,
75-25_co-cultureA2780_15and20_Day14_TX RED_Tile-1_B4.tif,3856.69375,87.60421704,39460.8,
75-25_co-cultureA2780_15and20_Day14_TX RED_Tile-1_C1.tif,3520.761111111111,79.9735578,47674.2,
75-25_co-cultureA2780_15and20_Day14_TX RED_Tile-1_C4.tif,3991.567361111111,90.66785078,33613.4,
75-25_co-cultureA2780_15and20_Day14_TX RED_Tile-2_A1.tif,4374.4,99.36383645,6166.1,
75-25_co-cultureA2780_15and20_Day14_TX RED_Tile-2_A4.tif,4298.353472222222,97.63645104,10980.6,
75-25_co-cultureA2780_15and20_Day14_TX RED_Tile-2_B1.tif,4118.498611111111,93.55107498,22755.1,
75-25_co-cultureA2780_15and20_Day14_TX RED_Tile-2_B4.tif,4268.507638888888,96.95850743,14740.9,
75-25_co-cultureA2780_15and20_Day14_TX RED_Tile-2_C1.tif,3760.409722222222,85.41713986,40678.6,
75-25_co-cultureA2780_15and20_Day14_TX RED_Tile-2_C4.tif,4241.392361111111,96.34258799,14262.8,
75-25_co-cultureA2780_15and20_Day14_TX RED_Tile-3_A1.tif,4316.163194444444,98.04099619,12147.3,
75-25_co-cultureA2780_15and20_Day14_TX RED_Tile-3_A4.tif,3932.522222222222,89.32664935,34828.4,
75-25_co-cultureA2780_15and20_Day14_TX RED_Tile-3_B1.tif,3927.093055555556,89.20332665,31833.5,
75-25_co-cultureA2780_15and20_Day14_TX RED_Tile-3_B4.tif,3706.438888888888,84.19120052,45362.3,
75-25_co-cultureA2780_15and20_Day14_TX RED_Tile-3_C1.tif,3341.405555555556,75.89952339,54898.8,
75-25_co-cultureA2780_15and20_Day14_TX RED_Tile-3_C4.tif,3922.9215277777776,89.10857102,34317.6,
75-25_co-cultureA2780_15and20_Day14_TX RED_Tile-4_A1.tif,4270.1875,96.99666522,14614.3,
75-25_co-cultureA2780_15and20_Day14_TX RED_Tile-4_A4.tif,4148.095138888889,94.22335565,23405.3,
75-25_co-cultureA2780_15and20_Day14_TX RED_Tile-4_B1.tif,3998.4729166666666,90.82470943,32264.6,
75-25_co-cultureA2780_15and20_Day14_TX RED_Tile-4_B4.tif,4039.9256944444446,91.76630303,31002.7,
75-25_co-cultureA2780_15and20_Day14_TX RED_Tile-4_C1.tif,3905.6423611111113,88.71607736,35482.8,
75-25_co-cultureA2780_15and20_Day14_TX RED_Tile-4_C4.tif,4275.300694444445,97.11281067,15251.6,
75-25_co-cultureA2780_15and20_Day14_TX RED_Tile-5_A1.tif,4096.636805555555,93.05448737,26868.2,
75-25_co-cultureA2780_15and20_Day14_TX RED_Tile-5_A4.tif,3911.335416666667,88.84539426,36988.1,
75-25_co-cultureA2780_15and20_Day14_TX RED_Tile-5_B1.tif,4105.897222222222,93.26483634,25657.5,
75-25_co-cultureA2780_15and20_Day14_TX RED_Tile-5_B4.tif,3856.869444444444,87.60820791,41786.9,
75-25_co-cultureA2780_15and20_Day14_TX RED_Tile-5_C1.tif,3731.188888888888,84.75339304,41297.5,
75-25_co-cultureA2780_15and20_Day14_TX RED_Tile-5_C4.tif,4085.342361111112,92.79793576,23950.2,
75-25_co-cultureA2780_15and20_Day16_TX RED_Tile-0_A1.tif,3742.4416666666666,85.00899819,35300.7,86.49000373
75-25_co-cultureA2780_15and20_Day16_TX RED_Tile-0_A4.tif,3771.075,85.65940004,41290.4,83.83278439
75-25_co-cultureA2780_15and20_Day16_TX RED_Tile-0_B1.tif,3961.5777777777776,89.98664191,27484.3,88.28213435
75-25_co-cultureA2780_15and20_Day16_TX RED_Tile-0_B4.tif,4241.820833333333,96.35232067,19600.9,
75-25_co-cultureA2780_15and20_Day16_TX RED_Tile-0_C1.tif,3892.675,88.42152571,34825.5,90.35631031
75-25_co-cultureA2780_15and20_Day16_TX RED_Tile-0_C4.tif,4343.995138888889,98.67319461,8049.8,94.60337718
75-25_co-cultureA2780_15and20_Day16_TX RED_Tile-1_A1.tif,2687.6388888888887,61.04931213,60084.7,97.50802275
75-25_co-cultureA2780_15and20_Day16_TX RED_Tile-1_A4.tif,3784.129861111111,85.95593924,45025.1,
75-25_co-cultureA2780_15and20_Day16_TX RED_Tile-1_B1.tif,3642.354861111111,82.73554149,46124.8,
75-25_co-cultureA2780_15and20_Day16_TX RED_Tile-1_B4.tif,3924.179861111111,89.13715388,34720.3,
75-25_co-cultureA2780_15and20_Day16_TX RED_Tile-1_C1.tif,3856.198611111111,87.59297003,38767.9,
75-25_co-cultureA2780_15and20_Day16_TX RED_Tile-1_C4.tif,4318.401388888889,98.09183644,9091.2,
75-25_co-cultureA2780_15and20_Day16_TX RED_Tile-2_A1.tif,4223.793055555555,95.94282241,17631.9,
75-25_co-cultureA2780_15and20_Day16_TX RED_Tile-2_A4.tif,4161.74375,94.53338179,20427.5,
75-25_co-cultureA2780_15and20_Day16_TX RED_Tile-2_B1.tif,3362.6736111111118,76.38262407,45769.2,
75-25_co-cultureA2780_15and20_Day16_TX RED_Tile-2_B4.tif,4368.868055555556,99.23817917,6230.1,
75-25_co-cultureA2780_15and20_Day16_TX RED_Tile-2_C1.tif,3927.563888888888,89.21402156,34717.4,
75-25_co-cultureA2780_15and20_Day16_TX RED_Tile-2_C4.tif,4290.527083333333,97.45867579,9715.8,
75-25_co-cultureA2780_15and20_Day16_TX RED_Tile-3_A1.tif,4129.533333333334,93.80172704,24212.0,
75-25_co-cultureA2780_15and20_Day16_TX RED_Tile-3_A4.tif,3886.061805555556,88.27130799,34316.2,
75-25_co-cultureA2780_15and20_Day16_TX RED_Tile-3_B1.tif,3289.698611111111,74.72500795,49748.5,
75-25_co-cultureA2780_15and20_Day16_TX RED_Tile-3_B4.tif,4139.316666666667,94.02395398,22794.9,
75-25_co-cultureA2780_15and20_Day16_TX RED_Tile-3_C1.tif,3680.2763888888894,83.59692328,44855.8,
75-25_co-cultureA2780_15and20_Day16_TX RED_Tile-3_C4.tif,4221.252777777778,95.88512039,14392.3,
75-25_co-cultureA2780_15and20_Day16_TX RED_Tile-4_A1.tif,4085.479861111111,92.80105906,22997.0,
75-25_co-cultureA2780_15and20_Day16_TX RED_Tile-4_A4.tif,4285.326388888889,97.3405428,13063.5,
75-25_co-cultureA2780_15and20_Day16_TX RED_Tile-4_B1.tif,3889.758333333333,88.35527406,37649.7,
75-25_co-cultureA2780_15and20_Day16_TX RED_Tile-4_B4.tif,4221.481250000001,95.8903101,19852.7,
75-25_co-cultureA2780_15and20_Day16_TX RED_Tile-4_C1.tif,3955.575,89.85028972,33183.7,
75-25_co-cultureA2780_15and20_Day16_TX RED_Tile-4_C4.tif,4342.673611111111,98.64317631,7368.3,
75-25_co-cultureA2780_15and20_Day16_TX RED_Tile-5_A1.tif,3976.9625,90.33610356,30997.0,
75-25_co-cultureA2780_15and20_Day16_TX RED_Tile-5_A4.tif,3978.775694444444,90.37729,31896.1,
75-25_co-cultureA2780_15and20_Day16_TX RED_Tile-5_B1.tif,3997.8965277777775,90.81161684,33234.9,
75-25_co-cultureA2780_15and20_Day16_TX RED_Tile-5_B4.tif,4093.284722222222,92.9783453,25954.8,
75-25_co-cultureA2780_15and20_Day16_TX RED_Tile-5_C1.tif,4006.9416666666666,91.01707581,29931.4,
75-25_co-cultureA2780_15and20_Day16_TX RED_Tile-5_C4.tif,4239.347222222223,96.29613296,13598.4,
75-25_co-cultureA2780_15and20_Day18_TX RED_Tile-0_A1.tif,3172.40625,72.06072965,52823.0,73.10676686
75-25_co-cultureA2780_15and20_Day18_TX RED_Tile-0_A4.tif,3635.878472222222,82.5884313,47170.5,80.60117644
75-25_co-cultureA2780_15and20_Day18_TX RED_Tile-0_B1.tif,3629.999305555556,82.45488691,41217.9,83.50794364
75-25_co-cultureA2780_15and20_Day18_TX RED_Tile-0_B4.tif,3916.8458333333338,88.97056254,37148.9,
75-25_co-cultureA2780_15and20_Day18_TX RED_Tile-0_C1.tif,3891.572222222223,88.39647628,38499.0,87.03911944
75-25_co-cultureA2780_15and20_Day18_TX RED_Tile-0_C4.tif,4161.919444444445,94.53737267,23785.2,90.84573644
75-25_co-cultureA2780_15and20_Day18_TX RED_Tile-1_A1.tif,3010.340277777778,68.37942553,57306.1,92.98775987
75-25_co-cultureA2780_15and20_Day18_TX RED_Tile-1_A4.tif,3723.4402777777777,84.57738451,47246.0,
75-25_co-cultureA2780_15and20_Day18_TX RED_Tile-1_B1.tif,3907.9479166666665,88.76844771,34731.6,
75-25_co-cultureA2780_15and20_Day18_TX RED_Tile-1_B4.tif,3744.4902777777775,85.05553208,47570.3,
75-25_co-cultureA2780_15and20_Day18_TX RED_Tile-1_C1.tif,4087.8902777777776,92.85581131,23012.6,
75-25_co-cultureA2780_15and20_Day18_TX RED_Tile-1_C4.tif,4142.240277777778,94.09036336,20801.7,
75-25_co-cultureA2780_15and20_Day18_TX RED_Tile-2_A1.tif,1740.8368055555557,39.54284556,54608.6,
75-25_co-cultureA2780_15and20_Day18_TX RED_Tile-2_A4.tif,4142.068055555556,94.08645136,20734.8,
75-25_co-cultureA2780_15and20_Day18_TX RED_Tile-2_B1.tif,3664.553472222222,83.2397796,38332.6,
75-25_co-cultureA2780_15and20_Day18_TX RED_Tile-2_B4.tif,4318.197916666667,98.0872146,9286.1,
75-25_co-cultureA2780_15and20_Day18_TX RED_Tile-2_C1.tif,2681.2784722222223,60.90483623,54924.4,
75-25_co-cultureA2780_15and20_Day18_TX RED_Tile-2_C4.tif,4354.165277777778,98.90420778,7399.6,
75-25_co-cultureA2780_15and20_Day18_TX RED_Tile-3_A1.tif,3736.678472222222,84.8780881,33651.8,
75-25_co-cultureA2780_15and20_Day18_TX RED_Tile-3_A4.tif,3791.414583333333,86.12141061,43606.6,
75-25_co-cultureA2780_15and20_Day18_TX RED_Tile-3_B1.tif,3095.36875,70.31083445,58916.6,
75-25_co-cultureA2780_15and20_Day18_TX RED_Tile-3_B4.tif,3877.7541666666666,88.08260123,38107.8,
75-25_co-cultureA2780_15and20_Day18_TX RED_Tile-3_C1.tif,3980.086805555556,90.40707169,23164.9,
75-25_co-cultureA2780_15and20_Day18_TX RED_Tile-3_C4.tif,3979.5451388888887,90.39476781,28726.3,
75-25_co-cultureA2780_15and20_Day18_TX RED_Tile-4_A1.tif,3939.255555555556,89.479596,31144.9,
75-25_co-cultureA2780_15and20_Day18_TX RED_Tile-4_A4.tif,3959.1069444444447,89.93051731,30166.1,
75-25_co-cultureA2780_15and20_Day18_TX RED_Tile-4_B1.tif,3792.775,86.15231227,37406.4,
75-25_co-cultureA2780_15and20_Day18_TX RED_Tile-4_B4.tif,4114.7875,93.46677765,25210.7,
75-25_co-cultureA2780_15and20_Day18_TX RED_Tile-4_C1.tif,3789.742361111111,86.08342633,40119.5,
75-25_co-cultureA2780_15and20_Day18_TX RED_Tile-4_C4.tif,4181.915277777778,94.99157501,20761.9,
75-25_co-cultureA2780_15and20_Day18_TX RED_Tile-5_A1.tif,3711.225,84.29991631,40954.7,
75-25_co-cultureA2780_15and20_Day18_TX RED_Tile-5_A4.tif,3738.9868055555553,84.93052154,40112.4,
75-25_co-cultureA2780_15and20_Day18_TX RED_Tile-5_B1.tif,3199.704166666667,72.68079771,51571.0,
75-25_co-cultureA2780_15and20_Day18_TX RED_Tile-5_B4.tif,4024.315972222222,91.41173054,28242.6,
75-25_co-cultureA2780_15and20_Day18_TX RED_Tile-5_C1.tif,3627.5847222222224,82.40004002,45208.6,
75-25_co-cultureA2780_15and20_Day18_TX RED_Tile-5_C4.tif,3742.409722222222,85.00827258,40482.3,
75-25_co-cultureA2780_15and20_Day2_TX RED_Tile-0_A1.tif,117.3097222222222,2.664672653,6398.0,5.819978162
75-25_co-cultureA2780_15and20_Day2_TX RED_Tile-0_A4.tif,173.88402777777776,3.949749474,8704.3,7.33063657
75-25_co-cultureA2780_15and20_Day2_TX RED_Tile-0_B1.tif,264.3840277777778,6.005443328,13827.5,6.052968367
75-25_co-cultureA2780_15and20_Day2_TX RED_Tile-0_B4.tif,220.61875,5.011321642,11262.3,
75-25_co-cultureA2780_15and20_Day2_TX RED_Tile-0_C1.tif,280.18402777777777,6.364337946,14291.3,4.623060721
75-25_co-cultureA2780_15and20_Day2_TX RED_Tile-0_C4.tif,149.45347222222222,3.394813088,7634.4,4.762578269
75-25_co-cultureA2780_15and20_Day2_TX RED_Tile-1_A1.tif,105.62152777777776,2.399177078,5173.0,3.558136535
75-25_co-cultureA2780_15and20_Day2_TX RED_Tile-1_A4.tif,157.16041666666666,3.569875169,8819.5,
75-25_co-cultureA2780_15and20_Day2_TX RED_Tile-1_B1.tif,266.8722222222222,6.06196229,13264.1,
75-25_co-cultureA2780_15and20_Day2_TX RED_Tile-1_B4.tif,251.30416666666667,5.708336255,12804.6,
75-25_co-cultureA2780_15and20_Day2_TX RED_Tile-1_C1.tif,188.48541666666668,4.281417821,10048.7,
75-25_co-cultureA2780_15and20_Day2_TX RED_Tile-1_C4.tif,193.20138888888889,4.388540419,9836.7,
75-25_co-cultureA2780_15and20_Day2_TX RED_Tile-2_A1.tif,291.8541666666667,6.629423391,13676.7,
75-25_co-cultureA2780_15and20_Day2_TX RED_Tile-2_A4.tif,157.7784722222222,3.583914207,8056.9,
75-25_co-cultureA2780_15and20_Day2_TX RED_Tile-2_B1.tif,505.2902777777778,11.47759247,23561.8,
75-25_co-cultureA2780_15and20_Day2_TX RED_Tile-2_B4.tif,245.87152777777777,5.584934682,12029.2,
75-25_co-cultureA2780_15and20_Day2_TX RED_Tile-2_C1.tif,312.1625,7.090724121,15694.1,
75-25_co-cultureA2780_15and20_Day2_TX RED_Tile-2_C4.tif,93.45208333333332,2.122749983,5064.9,
75-25_co-cultureA2780_15and20_Day2_TX RED_Tile-3_A1.tif,138.35972222222222,3.142820229,6346.8,
75-25_co-cultureA2780_15and20_Day2_TX RED_Tile-3_A4.tif,238.14375,5.409399375,12475.9,
75-25_co-cultureA2780_15and20_Day2_TX RED_Tile-3_B1.tif,301.5145833333333,6.848858299,15706.9,
75-25_co-cultureA2780_15and20_Day2_TX RED_Tile-3_B4.tif,222.6888888888889,5.058344535,11122.9,
75-25_co-cultureA2780_15and20_Day2_TX RED_Tile-3_C1.tif,188.95625,4.292112729,9879.4,
75-25_co-cultureA2780_15and20_Day2_TX RED_Tile-3_C4.tif,137.61805555555554,3.125973383,7243.1,
75-25_co-cultureA2780_15and20_Day2_TX RED_Tile-4_A1.tif,584.4048611111111,13.27466831,24382.7,
75-25_co-cultureA2780_15and20_Day2_TX RED_Tile-4_A4.tif,191.6902777777778,4.354215758,9862.4,
75-25_co-cultureA2780_15and20_Day2_TX RED_Tile-4_B1.tif,273.6333333333333,6.21553991,14284.2,
75-25_co-cultureA2780_15and20_Day2_TX RED_Tile-4_B4.tif,149.51666666666668,3.39624854,7712.6,
75-25_co-cultureA2780_15and20_Day2_TX RED_Tile-4_C1.tif,369.89652777777775,8.402143857,18387.3,
75-25_co-cultureA2780_15and20_Day2_TX RED_Tile-4_C4.tif,156.95625,3.565237554,8216.3,
75-25_co-cultureA2780_15and20_Day2_TX RED_Tile-5_A1.tif,299.7645833333333,6.809107313,14557.4,
75-25_co-cultureA2780_15and20_Day2_TX RED_Tile-5_A4.tif,302.4986111111112,6.871210342,15280.1,
75-25_co-cultureA2780_15and20_Day2_TX RED_Tile-5_B1.tif,324.65208333333334,7.374423123,15083.8,
75-25_co-cultureA2780_15and20_Day2_TX RED_Tile-5_B4.tif,168.00833333333333,3.81628396,8377.0,
75-25_co-cultureA2780_15and20_Day2_TX RED_Tile-5_C1.tif,259.17291666666665,5.887073725,12619.6,
75-25_co-cultureA2780_15and20_Day2_TX RED_Tile-5_C4.tif,209.18055555555557,4.75150478,11502.8,
75-25_co-cultureA2780_15and20_Day3_TX RED_Tile-0_A1.tif,504.4888888888888,11.45938905,23369.7,15.87744037
75-25_co-cultureA2780_15and20_Day3_TX RED_Tile-0_A4.tif,421.8395833333333,9.582022532,16263.2,17.47158636
75-25_co-cultureA2780_15and20_Day3_TX RED_Tile-0_B1.tif,688.5118055555555,15.63944185,29288.3,12.4426055
75-25_co-cultureA2780_15and20_Day3_TX RED_Tile-0_B4.tif,448.76875,10.19371449,18425.8,
75-25_co-cultureA2780_15and20_Day3_TX RED_Tile-0_C1.tif,578.7784722222223,13.14686573,25192.2,11.50713755
75-25_co-cultureA2780_15and20_Day3_TX RED_Tile-0_C4.tif,247.9833333333333,5.632904027,12454.6,9.491420781
75-25_co-cultureA2780_15and20_Day3_TX RED_Tile-1_A1.tif,56.08263888888889,1.273908686,3212.5,7.476713557
75-25_co-cultureA2780_15and20_Day3_TX RED_Tile-1_A4.tif,350.05555555555554,7.951459165,14435.0,
75-25_co-cultureA2780_15and20_Day3_TX RED_Tile-1_B1.tif,686.3819444444445,15.59106238,30678.3,
75-25_co-cultureA2780_15and20_Day3_TX RED_Tile-1_B4.tif,359.06944444444446,8.156208292,16076.8,
75-25_co-cultureA2780_15and20_Day3_TX RED_Tile-1_C1.tif,334.75138888888887,7.603827326,15877.6,
75-25_co-cultureA2780_15and20_Day3_TX RED_Tile-1_C4.tif,391.65972222222223,8.896491538,18674.7,
75-25_co-cultureA2780_15and20_Day3_TX RED_Tile-2_A1.tif,1049.6298611111113,23.84218404,34920.9,
75-25_co-cultureA2780_15and20_Day3_TX RED_Tile-2_A4.tif,407.7861111111111,9.26280003,17516.6,
75-25_co-cultureA2780_15and20_Day3_TX RED_Tile-2_B1.tif,1105.8951388888888,25.12024134,39559.0,
75-25_co-cultureA2780_15and20_Day3_TX RED_Tile-2_B4.tif,444.1506944444444,10.08881606,17502.4,
75-25_co-cultureA2780_15and20_Day3_TX RED_Tile-2_C1.tif,752.7013888888889,17.09749856,32483.7,
75-25_co-cultureA2780_15and20_Day3_TX RED_Tile-2_C4.tif,350.34722222222223,7.958084329,15719.7,
75-25_co-cultureA2780_15and20_Day3_TX RED_Tile-3_A1.tif,623.2465277777778,14.15695091,21929.9,
75-25_co-cultureA2780_15and20_Day3_TX RED_Tile-3_A4.tif,486.53888888888895,11.0516575,18509.7,
75-25_co-cultureA2780_15and20_Day3_TX RED_Tile-3_B1.tif,818.6618055555556,18.59577948,34620.7,
75-25_co-cultureA2780_15and20_Day3_TX RED_Tile-3_B4.tif,601.5395833333333,13.66388094,25630.4,
75-25_co-cultureA2780_15and20_Day3_TX RED_Tile-3_C1.tif,290.11805555555554,6.589987889,13305.4,
75-25_co-cultureA2780_15and20_Day3_TX RED_Tile-3_C4.tif,239.17013888888889,5.432713644,11364.8,
75-25_co-cultureA2780_15and20_Day3_TX RED_Tile-4_A1.tif,1152.2222222222222,26.17255405,42156.9,
75-25_co-cultureA2780_15and20_Day3_TX RED_Tile-4_A4.tif,545.5131944444444,12.39124996,21379.3,
75-25_co-cultureA2780_15and20_Day3_TX RED_Tile-4_B1.tif,558.2944444444444,12.68157413,23913.2,
75-25_co-cultureA2780_15and20_Day3_TX RED_Tile-4_B4.tif,251.0375,5.702278962,11070.2,
75-25_co-cultureA2780_15and20_Day3_TX RED_Tile-4_C1.tif,743.6451388888888,16.89178721,29793.3,
75-25_co-cultureA2780_15and20_Day3_TX RED_Tile-4_C4.tif,443.8840277777778,10.08275876,19667.8,
75-25_co-cultureA2780_15and20_Day3_TX RED_Tile-5_A1.tif,808.2666666666667,18.35965547,30775.0,
75-25_co-cultureA2780_15and20_Day3_TX RED_Tile-5_A4.tif,827.8125,18.80363612,30201.7,
75-25_co-cultureA2780_15and20_Day3_TX RED_Tile-5_B1.tif,757.276388888889,17.201419,29480.3,
75-25_co-cultureA2780_15and20_Day3_TX RED_Tile-5_B4.tif,402.5395833333333,9.143625942,17603.4,
75-25_co-cultureA2780_15and20_Day3_TX RED_Tile-5_C1.tif,586.6500000000001,13.3256663,23446.6,
75-25_co-cultureA2780_15and20_Day3_TX RED_Tile-5_C4.tif,301.88750000000005,6.857329045,14571.6,
75-25_co-cultureA2780_15and20_Day4_TX RED_Tile-0_A1.tif,1497.8958333333333,34.02447801,48788.2,44.36880457
75-25_co-cultureA2780_15and20_Day4_TX RED_Tile-0_A4.tif,1136.2819444444444,25.81047304,38304.1,41.2925357
75-25_co-cultureA2780_15and20_Day4_TX RED_Tile-0_B1.tif,1666.6458333333333,37.85760882,46218.7,33.40813529
75-25_co-cultureA2780_15and20_Day4_TX RED_Tile-0_B4.tif,1335.5875,30.33766869,40910.5,
75-25_co-cultureA2780_15and20_Day4_TX RED_Tile-0_C1.tif,1566.2145833333334,35.57632811,44497.2,26.69797953
75-25_co-cultureA2780_15and20_Day4_TX RED_Tile-0_C4.tif,798.7437500000001,18.14334385,32462.4,26.76737288
75-25_co-cultureA2780_15and20_Day4_TX RED_Tile-1_A1.tif,533.6145833333334,12.1209748,19330.6,17.97231996
75-25_co-cultureA2780_15and20_Day4_TX RED_Tile-1_A4.tif,757.96875,17.21714587,27612.3,
75-25_co-cultureA2780_15and20_Day4_TX RED_Tile-1_B1.tif,1483.9444444444443,33.70757431,50899.5,
75-25_co-cultureA2780_15and20_Day4_TX RED_Tile-1_B4.tif,1239.0888888888887,28.14571729,42206.7,
75-25_co-cultureA2780_15and20_Day4_TX RED_Tile-1_C1.tif,1092.2319444444445,24.80988394,36864.3,
75-25_co-cultureA2780_15and20_Day4_TX RED_Tile-1_C4.tif,893.3694444444444,20.29275223,30161.8,
75-25_co-cultureA2780_15and20_Day4_TX RED_Tile-2_A1.tif,2557.945138888889,58.10333816,51598.1,
75-25_co-cultureA2780_15and20_Day4_TX RED_Tile-2_A4.tif,819.8986111111111,18.62387333,31319.9,
75-25_co-cultureA2780_15and20_Day4_TX RED_Tile-2_B1.tif,2499.972222222222,56.78649209,54406.5,
75-25_co-cultureA2780_15and20_Day4_TX RED_Tile-2_B4.tif,1320.4798611111112,29.99450095,43114.4,
75-25_co-cultureA2780_15and20_Day4_TX RED_Tile-2_C1.tif,1952.0270833333332,44.34000088,52956.8,
75-25_co-cultureA2780_15and20_Day4_TX RED_Tile-2_C4.tif,847.0388888888889,19.24036065,36161.5,
75-25_co-cultureA2780_15and20_Day4_TX RED_Tile-3_A1.tif,1904.8,43.2672448,44848.7,
75-25_co-cultureA2780_15and20_Day4_TX RED_Tile-3_A4.tif,1354.398611111111,30.76496024,41068.5,
75-25_co-cultureA2780_15and20_Day4_TX RED_Tile-3_B1.tif,1745.6652777777776,39.65252358,46951.4,
75-25_co-cultureA2780_15and20_Day4_TX RED_Tile-3_B4.tif,1352.4416666666666,30.72050854,43889.7,
75-25_co-cultureA2780_15and20_Day4_TX RED_Tile-3_C1.tif,883.3784722222222,20.0658088,30621.4,
75-25_co-cultureA2780_15and20_Day4_TX RED_Tile-3_C4.tif,488.80555555555554,11.10314449,20935.4,
75-25_co-cultureA2780_15and20_Day4_TX RED_Tile-4_A1.tif,2706.703472222222,61.48236127,49323.1,
75-25_co-cultureA2780_15and20_Day4_TX RED_Tile-4_A4.tif,1318.7548611111113,29.95531783,43963.7,
75-25_co-cultureA2780_15and20_Day4_TX RED_Tile-4_B1.tif,1541.236111111111,35.00894588,47270.1,
75-25_co-cultureA2780_15and20_Day4_TX RED_Tile-4_B4.tif,922.0833333333334,20.94498389,33912.1,
75-25_co-cultureA2780_15and20_Day4_TX RED_Tile-4_C1.tif,1871.55625,42.51211803,47541.9,
75-25_co-cultureA2780_15and20_Day4_TX RED_Tile-4_C4.tif,827.8020833333334,18.80339951,30133.4,
75-25_co-cultureA2780_15and20_Day4_TX RED_Tile-5_A1.tif,2518.811805555556,57.21443039,46352.5,
75-25_co-cultureA2780_15and20_Day4_TX RED_Tile-5_A4.tif,1664.81875,37.81610689,49116.8,
75-25_co-cultureA2780_15and20_Day4_TX RED_Tile-5_B1.tif,1969.7277777777776,44.74206949,51710.5,
75-25_co-cultureA2780_15and20_Day4_TX RED_Tile-5_B4.tif,900.7701388888888,20.46085789,33934.9,
75-25_co-cultureA2780_15and20_Day4_TX RED_Tile-5_C1.tif,1459.1631944444443,33.14467196,40584.7,
75-25_co-cultureA2780_15and20_Day4_TX RED_Tile-5_C4.tif,891.5277777777778,20.25091905,31055.3,
75-25_co-cultureA2780_15and20_Day5_TX RED_Tile-0_A1.tif,2655.14375,60.31118995,47300.0,65.10573464
75-25_co-cultureA2780_15and20_Day5_TX RED_Tile-0_A4.tif,1782.9993055555556,40.50056039,48939.0,63.96024635
75-25_co-cultureA2780_15and20_Day5_TX RED_Tile-0_B1.tif,2656.41875,60.34015138,51519.8,51.50195603
75-25_co-cultureA2780_15and20_Day5_TX RED_Tile-0_B4.tif,1889.6895833333333,42.92401397,53133.2,
75-25_co-cultureA2780_15and20_Day5_TX RED_Tile-0_C1.tif,2657.378472222222,60.36195133,62355.3,45.73390654
75-25_co-cultureA2780_15and20_Day5_TX RED_Tile-0_C4.tif,1798.7993055555555,40.85945501,54305.5,42.71400677
75-25_co-cultureA2780_15and20_Day5_TX RED_Tile-1_A1.tif,796.192361111111,18.08538944,26196.7,34.18322168
75-25_co-cultureA2780_15and20_Day5_TX RED_Tile-1_A4.tif,1719.9486111111112,39.06837338,48516.5,
75-25_co-cultureA2780_15and20_Day5_TX RED_Tile-1_B1.tif,2816.5979166666666,63.978597,58421.5,
75-25_co-cultureA2780_15and20_Day5_TX RED_Tile-1_B4.tif,1854.23125,42.11858327,45119.0,
75-25_co-cultureA2780_15and20_Day5_TX RED_Tile-1_C1.tif,1621.576388888889,36.83386318,48614.6,
75-25_co-cultureA2780_15and20_Day5_TX RED_Tile-1_C4.tif,1356.711111111111,30.81748833,42965.0,
75-25_co-cultureA2780_15and20_Day5_TX RED_Tile-2_A1.tif,3763.6777777777775,85.49137325,28729.1,
75-25_co-cultureA2780_15and20_Day5_TX RED_Tile-2_A4.tif,1870.252777777778,42.48250986,51727.5,
75-25_co-cultureA2780_15and20_Day5_TX RED_Tile-2_B1.tif,3399.136111111111,77.21086426,49782.7,
75-25_co-cultureA2780_15and20_Day5_TX RED_Tile-2_B4.tif,2088.973611111111,47.45072061,49106.9,
75-25_co-cultureA2780_15and20_Day5_TX RED_Tile-2_C1.tif,2667.4777777777776,60.59135553,64246.1,
75-25_co-cultureA2780_15and20_Day5_TX RED_Tile-2_C4.tif,1597.8354166666666,36.29459058,53012.3,
75-25_co-cultureA2780_15and20_Day5_TX RED_Tile-3_A1.tif,3248.280555555556,73.78420306,45116.1,
75-25_co-cultureA2780_15and20_Day5_TX RED_Tile-3_A4.tif,2106.3194444444443,47.8447286,54328.3,
75-25_co-cultureA2780_15and20_Day5_TX RED_Tile-3_B1.tif,2949.302777777777,66.99296792,56875.0,
75-25_co-cultureA2780_15and20_Day5_TX RED_Tile-3_B4.tif,2438.868055555556,55.39852016,57846.7,
75-25_co-cultureA2780_15and20_Day5_TX RED_Tile-3_C1.tif,1656.9534722222222,37.63744829,43847.1,
75-25_co-cultureA2780_15and20_Day5_TX RED_Tile-3_C4.tif,1215.4416666666666,27.6085742,41079.9,
75-25_co-cultureA2780_15and20_Day5_TX RED_Tile-4_A1.tif,3613.7319444444447,82.08537626,43324.9,
75-25_co-cultureA2780_15and20_Day5_TX RED_Tile-4_A4.tif,2006.7006944444447,45.58190371,52985.2,
75-25_co-cultureA2780_15and20_Day5_TX RED_Tile-4_B1.tif,2331.991666666667,52.9708391,59760.3,
75-25_co-cultureA2780_15and20_Day5_TX RED_Tile-4_B4.tif,1357.7159722222225,30.8403136,44801.7,
75-25_co-cultureA2780_15and20_Day5_TX RED_Tile-4_C1.tif,2470.238888888889,56.11110391,57378.6,
75-25_co-cultureA2780_15and20_Day5_TX RED_Tile-4_C4.tif,1617.1909722222222,36.7342491,50014.6,
75-25_co-cultureA2780_15and20_Day5_TX RED_Tile-5_A1.tif,3120.2881944444443,70.87687587,42738.8,
75-25_co-cultureA2780_15and20_Day5_TX RED_Tile-5_A4.tif,2594.1340277777776,58.92536331,52056.2,
75-25_co-cultureA2780_15and20_Day5_TX RED_Tile-5_B1.tif,2741.293055555556,62.26805844,55116.5,
75-25_co-cultureA2780_15and20_Day5_TX RED_Tile-5_B4.tif,1653.1868055555556,37.55188903,49202.2,
75-25_co-cultureA2780_15and20_Day5_TX RED_Tile-5_C1.tif,2530.327777777778,57.47601396,50199.5,
75-25_co-cultureA2780_15and20_Day5_TX RED_Tile-5_C4.tif,1443.3277777777778,32.78497285,45056.4,
75-25_co-cultureA2780_15and20_Day6_TX RED_Tile-0_A1.tif,3438.9131944444443,78.11439471,36034.9,79.85765949
75-25_co-cultureA2780_15and20_Day6_TX RED_Tile-0_A4.tif,2826.3180555555555,64.19938849,49909.3,78.28133045
75-25_co-cultureA2780_15and20_Day6_TX RED_Tile-0_B1.tif,3046.2444444444445,69.19498326,39896.1,70.14850741
75-25_co-cultureA2780_15and20_Day6_TX RED_Tile-0_B4.tif,3053.575,69.36149572,50782.9,
75-25_co-cultureA2780_15and20_Day6_TX RED_Tile-0_C1.tif,3272.552777777777,74.33554293,44575.5,59.90839048
75-25_co-cultureA2780_15and20_Day6_TX RED_Tile-0_C4.tif,2594.007638888889,58.92249241,50839.8,60.43714432
75-25_co-cultureA2780_15and20_Day6_TX RED_Tile-1_A1.tif,2028.358333333333,46.07385372,37193.0,55.45675326
75-25_co-cultureA2780_15and20_Day6_TX RED_Tile-1_A4.tif,2197.828472222222,49.92334237,56247.6,
75-25_co-cultureA2780_15and20_Day6_TX RED_Tile-1_B1.tif,3324.08125,75.5060044,48544.9,
75-25_co-cultureA2780_15and20_Day6_TX RED_Tile-1_B4.tif,2705.364583333333,61.45194861,53084.8,
75-25_co-cultureA2780_15and20_Day6_TX RED_Tile-1_C1.tif,3077.151388888889,69.89702984,43932.4,
75-25_co-cultureA2780_15and20_Day6_TX RED_Tile-1_C4.tif,2441.5881944444445,55.46030771,59192.6,
75-25_co-cultureA2780_15and20_Day6_TX RED_Tile-2_A1.tif,4088.43125,92.86809941,18442.8,
75-25_co-cultureA2780_15and20_Day6_TX RED_Tile-2_A4.tif,1978.7416666666663,44.94681861,51047.5,
75-25_co-cultureA2780_15and20_Day6_TX RED_Tile-2_B1.tif,3935.411111111111,89.39227003,22868.9,
75-25_co-cultureA2780_15and20_Day6_TX RED_Tile-2_B4.tif,2948.213888888889,66.96823397,54277.1,
75-25_co-cultureA2780_15and20_Day6_TX RED_Tile-2_C1.tif,2815.083333333333,63.94419347,44595.4,
75-25_co-cultureA2780_15and20_Day6_TX RED_Tile-2_C4.tif,2590.8375,58.85048318,54518.9,
75-25_co-cultureA2780_15and20_Day6_TX RED_Tile-3_A1.tif,4003.554166666667,90.94012926,24611.8,
75-25_co-cultureA2780_15and20_Day6_TX RED_Tile-3_A4.tif,2987.6881944444444,67.86488687,52682.2,
75-25_co-cultureA2780_15and20_Day6_TX RED_Tile-3_B1.tif,3369.9756944444443,76.54848979,39321.4,
75-25_co-cultureA2780_15and20_Day6_TX RED_Tile-3_B4.tif,2851.359722222222,64.76820618,56774.0,
75-25_co-cultureA2780_15and20_Day6_TX RED_Tile-3_C1.tif,3160.788888888889,71.79684304,50246.5,
75-25_co-cultureA2780_15and20_Day6_TX RED_Tile-3_C4.tif,2583.233333333333,58.67775568,55699.8,
75-25_co-cultureA2780_15and20_Day6_TX RED_Tile-4_A1.tif,3912.277083333333,88.86678407,28747.6,
75-25_co-cultureA2780_15and20_Day6_TX RED_Tile-4_A4.tif,2785.711805555556,63.27702365,52376.3,
75-25_co-cultureA2780_15and20_Day6_TX RED_Tile-4_B1.tif,3395.0,77.11691312,47136.4,
75-25_co-cultureA2780_15and20_Day6_TX RED_Tile-4_B4.tif,2184.376388888889,49.61778032,49667.4,
75-25_co-cultureA2780_15and20_Day6_TX RED_Tile-4_C1.tif,2959.989583333333,67.23571709,52532.8,
75-25_co-cultureA2780_15and20_Day6_TX RED_Tile-4_C4.tif,2190.2520833333333,49.75124584,53904.3,
75-25_co-cultureA2780_15and20_Day6_TX RED_Tile-5_A1.tif,3622.41875,82.28269574,31678.5,
75-25_co-cultureA2780_15and20_Day6_TX RED_Tile-5_A4.tif,3048.177083333333,69.23888286,55015.5,
75-25_co-cultureA2780_15and20_Day6_TX RED_Tile-5_B1.tif,3606.8618055555553,81.92932209,39687.0,
75-25_co-cultureA2780_15and20_Day6_TX RED_Tile-5_B4.tif,2221.243055555556,50.4552011,55544.7,
75-25_co-cultureA2780_15and20_Day6_TX RED_Tile-5_C1.tif,3243.76875,73.68171808,49624.8,
75-25_co-cultureA2780_15and20_Day6_TX RED_Tile-5_C4.tif,2248.671527777778,51.07823471,52904.1,
75-25_co-cultureA2780_15and20_Day7_TX RED_Tile-0_A1.tif,3877.9861111111113,88.08786981,26586.5,89.11065059
75-25_co-cultureA2780_15and20_Day7_TX RED_Tile-0_A4.tif,3273.1118055555557,74.34824116,27892.6,82.09414671
75-25_co-cultureA2780_15and20_Day7_TX RED_Tile-0_B1.tif,3393.327777777778,77.07892884,37397.8,74.47289678
75-25_co-cultureA2780_15and20_Day7_TX RED_Tile-0_B4.tif,3027.148611111111,68.76122428,42694.6,
75-25_co-cultureA2780_15and20_Day7_TX RED_Tile-0_C1.tif,3551.261111111111,80.6663607,50263.6,69.97380025
75-25_co-cultureA2780_15and20_Day7_TX RED_Tile-0_C4.tif,3207.554861111111,72.85912505,40634.5,69.08049674
75-25_co-cultureA2780_15and20_Day7_TX RED_Tile-1_A1.tif,3011.7951388888887,68.41247248,32486.6,69.22773576
75-25_co-cultureA2780_15and20_Day7_TX RED_Tile-1_A4.tif,2578.0006944444444,58.55889708,43450.1,
75-25_co-cultureA2780_15and20_Day7_TX RED_Tile-1_B1.tif,3657.810416666666,83.08661211,36300.9,
75-25_co-cultureA2780_15and20_Day7_TX RED_Tile-1_B4.tif,2991.0055555555555,67.94024023,33979.0,
75-25_co-cultureA2780_15and20_Day7_TX RED_Tile-1_C1.tif,3084.1305555555555,70.05556056,61490.3,
75-25_co-cultureA2780_15and20_Day7_TX RED_Tile-1_C4.tif,3197.209027777777,72.62412101,44818.8,
75-25_co-cultureA2780_15and20_Day7_TX RED_Tile-2_A1.tif,4228.059722222222,96.0397391,11243.8,
75-25_co-cultureA2780_15and20_Day7_TX RED_Tile-2_A4.tif,2716.6972222222225,61.70936779,40389.8,
75-25_co-cultureA2780_15and20_Day7_TX RED_Tile-2_B1.tif,3855.6041666666665,87.57946732,26171.1,
75-25_co-cultureA2780_15and20_Day7_TX RED_Tile-2_B4.tif,3193.730555555556,72.54510803,38396.6,
75-25_co-cultureA2780_15and20_Day7_TX RED_Tile-2_C1.tif,3356.608333333333,76.2448522,50004.6,
75-25_co-cultureA2780_15and20_Day7_TX RED_Tile-2_C4.tif,3160.3069444444445,71.78589575,42212.3,
75-25_co-cultureA2780_15and20_Day7_TX RED_Tile-3_A1.tif,4250.058333333333,96.53943424,13232.8,
75-25_co-cultureA2780_15and20_Day7_TX RED_Tile-3_A4.tif,3366.4548611111118,76.46851459,35593.8,
75-25_co-cultureA2780_15and20_Day7_TX RED_Tile-3_B1.tif,3700.4861111111113,84.05598407,32185.0,
75-25_co-cultureA2780_15and20_Day7_TX RED_Tile-3_B4.tif,3510.3069444444445,79.73609298,39415.3,
75-25_co-cultureA2780_15and20_Day7_TX RED_Tile-3_C1.tif,2883.511111111111,65.49852013,49297.5,
75-25_co-cultureA2780_15and20_Day7_TX RED_Tile-3_C4.tif,2961.3493055555555,67.26660298,44474.5,
75-25_co-cultureA2780_15and20_Day7_TX RED_Tile-4_A1.tif,4143.238194444445,94.11303089,16838.0,
75-25_co-cultureA2780_15and20_Day7_TX RED_Tile-4_A4.tif,3057.672916666667,69.45457928,38962.8,
75-25_co-cultureA2780_15and20_Day7_TX RED_Tile-4_B1.tif,3380.367361111111,76.78453493,41469.7,
75-25_co-cultureA2780_15and20_Day7_TX RED_Tile-4_B4.tif,2689.020138888889,61.08068702,37003.7,
75-25_co-cultureA2780_15and20_Day7_TX RED_Tile-4_C1.tif,3556.373611111111,80.78249036,43990.8,
75-25_co-cultureA2780_15and20_Day7_TX RED_Tile-4_C4.tif,2883.190972222222,65.49124822,42881.0,
75-25_co-cultureA2780_15and20_Day7_TX RED_Tile-5_A1.tif,4026.940972222222,91.47135702,19514.1,
75-25_co-cultureA2780_15and20_Day7_TX RED_Tile-5_A4.tif,3491.249305555556,79.30320158,36996.6,
75-25_co-cultureA2780_15and20_Day7_TX RED_Tile-5_B1.tif,3697.1125,83.979353,32298.8,
75-25_co-cultureA2780_15and20_Day7_TX RED_Tile-5_B4.tif,2836.0138888888887,64.41962789,45767.7,
75-25_co-cultureA2780_15and20_Day7_TX RED_Tile-5_C1.tif,3239.7131944444445,73.58959674,47613.0,
75-25_co-cultureA2780_15and20_Day7_TX RED_Tile-5_C4.tif,2876.5069444444443,65.33942154,45867.3,
75-25_co-cultureA2780_15and20_Day8_TX RED_Tile-0_A1.tif,3636.967361111111,82.61316524,31756.7,79.10953909
75-25_co-cultureA2780_15and20_Day8_TX RED_Tile-0_A4.tif,3424.9972222222223,77.7982955,33254.8,81.55583896
75-25_co-cultureA2780_15and20_Day8_TX RED_Tile-0_B1.tif,3586.91875,81.47631859,35548.3,80.70681101
75-25_co-cultureA2780_15and20_Day8_TX RED_Tile-0_B4.tif,3692.2631944444447,83.86920176,34246.5,
75-25_co-cultureA2780_15and20_Day8_TX RED_Tile-0_C1.tif,3828.197222222223,86.95692271,37690.9,81.2981858
75-25_co-cultureA2780_15and20_Day8_TX RED_Tile-0_C4.tif,2960.3972222222224,67.24497655,50482.7,80.91391575
75-25_co-cultureA2780_15and20_Day8_TX RED_Tile-1_A1.tif,1091.0055555555557,24.7820267,23586.0,69.38174717
75-25_co-cultureA2780_15and20_Day8_TX RED_Tile-1_A4.tif,3568.870138888889,81.06634711,38072.2,
75-25_co-cultureA2780_15and20_Day8_TX RED_Tile-1_B1.tif,3390.5340277777777,77.01546923,38351.1,
75-25_co-cultureA2780_15and20_Day8_TX RED_Tile-1_B4.tif,3627.746527777778,82.4037154,34821.3,
75-25_co-cultureA2780_15and20_Day8_TX RED_Tile-1_C1.tif,3358.101388888889,76.27876673,52228.3,
75-25_co-cultureA2780_15and20_Day8_TX RED_Tile-1_C4.tif,3272.489583333333,74.33410748,52581.2,
75-25_co-cultureA2780_15and20_Day8_TX RED_Tile-2_A1.tif,4223.719444444444,95.94115035,14491.9,
75-25_co-cultureA2780_15and20_Day8_TX RED_Tile-2_A4.tif,3365.636111111111,76.44991681,41566.4,
75-25_co-cultureA2780_15and20_Day8_TX RED_Tile-2_B1.tif,3769.588194444444,85.62562748,34185.3,
75-25_co-cultureA2780_15and20_Day8_TX RED_Tile-2_B4.tif,3960.6076388888887,89.96460536,29783.4,
75-25_co-cultureA2780_15and20_Day8_TX RED_Tile-2_C1.tif,3649.7875,82.90437277,38981.3,
75-25_co-cultureA2780_15and20_Day8_TX RED_Tile-2_C4.tif,3127.776388888889,71.04696908,45628.3,
75-25_co-cultureA2780_15and20_Day8_TX RED_Tile-3_A1.tif,3472.515277777778,78.87766097,23409.6,
75-25_co-cultureA2780_15and20_Day8_TX RED_Tile-3_A4.tif,3457.7597222222225,78.54249075,43316.4,
75-25_co-cultureA2780_15and20_Day8_TX RED_Tile-3_B1.tif,3814.8541666666665,86.65383721,30449.2,
75-25_co-cultureA2780_15and20_Day8_TX RED_Tile-3_B4.tif,3524.4194444444447,80.05665629,43912.5,
75-25_co-cultureA2780_15and20_Day8_TX RED_Tile-3_C1.tif,3166.661111111111,71.93022968,45271.2,
75-25_co-cultureA2780_15and20_Day8_TX RED_Tile-3_C4.tif,2516.5798611111118,57.16373211,53954.1,
75-25_co-cultureA2780_15and20_Day8_TX RED_Tile-4_A1.tif,4292.4319444444445,97.50194443,12581.2,
75-25_co-cultureA2780_15and20_Day8_TX RED_Tile-4_A4.tif,3875.6916666666666,88.03575185,33848.1,
75-25_co-cultureA2780_15and20_Day8_TX RED_Tile-4_B1.tif,3278.730555555556,74.47587022,47073.8,
75-25_co-cultureA2780_15and20_Day8_TX RED_Tile-4_B4.tif,3326.7520833333333,75.56667198,48192.1,
75-25_co-cultureA2780_15and20_Day8_TX RED_Tile-4_C1.tif,3830.134027777778,87.00091695,32431.1,
75-25_co-cultureA2780_15and20_Day8_TX RED_Tile-4_C4.tif,3186.273611111111,72.37572467,48663.0,
75-25_co-cultureA2780_15and20_Day8_TX RED_Tile-5_A1.tif,4179.701388888889,94.94128685,19561.1,
75-25_co-cultureA2780_15and20_Day8_TX RED_Tile-5_A4.tif,3781.504861111111,85.89631276,31822.2,
75-25_co-cultureA2780_15and20_Day8_TX RED_Tile-5_B1.tif,3701.891666666667,84.08791105,36315.1,
75-25_co-cultureA2780_15and20_Day8_TX RED_Tile-5_B4.tif,3241.168055555556,73.62264369,50280.6,
75-25_co-cultureA2780_15and20_Day8_TX RED_Tile-5_C1.tif,3485.370138888889,79.1696572,41242.0,
75-25_co-cultureA2780_15and20_Day8_TX RED_Tile-5_C4.tif,3263.282638888889,74.12497312,45514.5,
75-25_co-cultureA2780_15and20_Day9_TX RED_Tile-0_A1.tif,3850.649305555556,87.46691839,26599.3,85.59839858
75-25_co-cultureA2780_15and20_Day9_TX RED_Tile-0_A4.tif,4138.104166666667,93.99641222,19569.6,85.23658573
75-25_co-cultureA2780_15and20_Day9_TX RED_Tile-0_B1.tif,3569.615277777777,81.08327283,41832.5,81.8326683
75-25_co-cultureA2780_15and20_Day9_TX RED_Tile-0_B4.tif,3932.610416666667,89.32865267,30726.7,
75-25_co-cultureA2780_15and20_Day9_TX RED_Tile-0_C1.tif,3684.742361111111,83.69836716,42283.5,88.57551082
75-25_co-cultureA2780_15and20_Day9_TX RED_Tile-0_C4.tif,3479.927083333333,79.04601901,35657.8,85.6668218
75-25_co-cultureA2780_15and20_Day9_TX RED_Tile-1_A1.tif,1936.7895833333332,43.99388337,41169.5,78.30603548
75-25_co-cultureA2780_15and20_Day9_TX RED_Tile-1_A4.tif,3784.0805555555553,85.95481927,36914.1,
75-25_co-cultureA2780_15and20_Day9_TX RED_Tile-1_B1.tif,3279.5916666666667,74.49543023,48079.7,
75-25_co-cultureA2780_15and20_Day9_TX RED_Tile-1_B4.tif,3734.5027777777777,84.82866753,37090.5,
75-25_co-cultureA2780_15and20_Day9_TX RED_Tile-1_C1.tif,3464.6194444444445,78.6983083,49920.7,
75-25_co-cultureA2780_15and20_Day9_TX RED_Tile-1_C4.tif,3464.742361111111,78.70110034,44234.0,
75-25_co-cultureA2780_15and20_Day9_TX RED_Tile-2_A1.tif,4338.340972222222,98.54476107,7819.3,
75-25_co-cultureA2780_15and20_Day9_TX RED_Tile-2_A4.tif,4062.282638888888,92.27413765,24853.6,
75-25_co-cultureA2780_15and20_Day9_TX RED_Tile-2_B1.tif,3880.8854166666665,88.1537271,34455.6,
75-25_co-cultureA2780_15and20_Day9_TX RED_Tile-2_B4.tif,4125.913888888888,93.7195119,18727.4,
75-25_co-cultureA2780_15and20_Day9_TX RED_Tile-2_C1.tif,3860.573611111111,87.6923475,36830.2,
75-25_co-cultureA2780_15and20_Day9_TX RED_Tile-2_C4.tif,3548.101388888889,80.59458808,35788.7,
75-25_co-cultureA2780_15and20_Day9_TX RED_Tile-3_A1.tif,3947.397916666667,89.66454851,21599.9,
75-25_co-cultureA2780_15and20_Day9_TX RED_Tile-3_A4.tif,3724.7055555555553,84.6061251,36918.4,
75-25_co-cultureA2780_15and20_Day9_TX RED_Tile-3_B1.tif,4021.1,91.33868022,29242.8,
75-25_co-cultureA2780_15and20_Day9_TX RED_Tile-3_B4.tif,3911.275694444444,88.84403768,33761.3,
75-25_co-cultureA2780_15and20_Day9_TX RED_Tile-3_C1.tif,3177.5722222222225,72.17807393,52740.5,
75-25_co-cultureA2780_15and20_Day9_TX RED_Tile-3_C4.tif,3588.7284722222225,81.51742616,41744.3,
75-25_co-cultureA2780_15and20_Day9_TX RED_Tile-4_A1.tif,4311.836805555556,97.94272292,11664.9,
75-25_co-cultureA2780_15and20_Day9_TX RED_Tile-4_A4.tif,3644.1152777777775,82.77552909,36897.0,
75-25_co-cultureA2780_15and20_Day9_TX RED_Tile-4_B1.tif,3906.426388888889,88.73388643,34646.3,
75-25_co-cultureA2780_15and20_Day9_TX RED_Tile-4_B4.tif,3452.0104166666665,78.41189614,40231.9,
75-25_co-cultureA2780_15and20_Day9_TX RED_Tile-4_C1.tif,3861.525694444444,87.71397393,36343.6,
75-25_co-cultureA2780_15and20_Day9_TX RED_Tile-4_C4.tif,3039.775,69.0480308,47568.9,
75-25_co-cultureA2780_15and20_Day9_TX RED_Tile-5_A1.tif,4225.322222222222,95.9775572,19939.5,
75-25_co-cultureA2780_15and20_Day9_TX RED_Tile-5_A4.tif,4043.436111111112,91.84604161,29793.3,
75-25_co-cultureA2780_15and20_Day9_TX RED_Tile-5_B1.tif,3857.147222222222,87.61451759,33149.6,
75-25_co-cultureA2780_15and20_Day9_TX RED_Tile-5_B4.tif,3472.097222222222,78.8681649,43904.0,
75-25_co-cultureA2780_15and20_Day9_TX RED_Tile-5_C1.tif,3566.6069444444447,81.01493899,41102.6,
75-25_co-cultureA2780_15and20_Day9_TX RED_Tile-5_C4.tif,3562.8256944444447,80.92904846,39926.0,
75-27_co-cultureA2780_15and20_Day1_TX RED_Tile-0_A1.tif,82.36111111111111,1.870820221,4585.5,3.253539345
75-27_co-cultureA2780_15and20_Day1_TX RED_Tile-0_A4.tif,81.80625,1.858216634,4458.8,3.325359281
75-27_co-cultureA2780_15and20_Day1_TX RED_Tile-0_B1.tif,137.67777777777778,3.127329964,7265.9,2.185207931
75-27_co-cultureA2780_15and20_Day1_TX RED_Tile-0_B4.tif,73.82222222222222,1.676860647,3928.2,
75-27_co-cultureA2780_15and20_Day1_TX RED_Tile-0_C1.tif,109.27638888888887,2.482196697,6022.4,2.15289711
75-27_co-cultureA2780_15and20_Day1_TX RED_Tile-0_C4.tif,126.01805555555556,2.862481132,5713.7,1.878131563
75-27_co-cultureA2780_15and20_Day1_TX RED_Tile-1_A1.tif,32.03472222222222,0.727663885,1956.3,1.70984713
75-27_co-cultureA2780_15and20_Day1_TX RED_Tile-1_A4.tif,67.97777777777777,1.544104973,3852.7,
75-27_co-cultureA2780_15and20_Day1_TX RED_Tile-1_B1.tif,151.42152777777778,3.439517173,7460.8,
75-27_co-cultureA2780_15and20_Day1_TX RED_Tile-1_B4.tif,68.67013888888889,1.559831851,4160.1,
75-27_co-cultureA2780_15and20_Day1_TX RED_Tile-1_C1.tif,64.32986111111111,1.461243096,3561.1,
75-27_co-cultureA2780_15and20_Day1_TX RED_Tile-1_C4.tif,77.95486111111111,1.770732916,4285.3,
75-27_co-cultureA2780_15and20_Day1_TX RED_Tile-2_A1.tif,241.1590277777778,5.477890955,13501.7,
75-27_co-cultureA2780_15and20_Day1_TX RED_Tile-2_A4.tif,85.92847222222223,1.951852291,4690.7,
75-27_co-cultureA2780_15and20_Day1_TX RED_Tile-2_B1.tif,177.71805555555557,4.036838836,9057.1,
75-27_co-cultureA2780_15and20_Day1_TX RED_Tile-2_B4.tif,103.71319444444444,2.355829574,5212.9,
75-27_co-cultureA2780_15and20_Day1_TX RED_Tile-2_C1.tif,80.56180555555555,1.829949266,4564.1,
75-27_co-cultureA2780_15and20_Day1_TX RED_Tile-2_C4.tif,67.63333333333334,1.536280969,3482.8,
75-27_co-cultureA2780_15and20_Day1_TX RED_Tile-3_A1.tif,125.45902777777776,2.8497829,6429.3,
75-27_co-cultureA2780_15and20_Day1_TX RED_Tile-3_A4.tif,83.60208333333334,1.899008718,4319.4,
75-27_co-cultureA2780_15and20_Day1_TX RED_Tile-3_B1.tif,175.27916666666667,3.981439843,9318.9,
75-27_co-cultureA2780_15and20_Day1_TX RED_Tile-3_B4.tif,118.63125,2.694690957,6388.0,
75-27_co-cultureA2780_15and20_Day1_TX RED_Tile-3_C1.tif,96.27013888888888,2.18676169,5222.8,
75-27_co-cultureA2780_15and20_Day1_TX RED_Tile-3_C4.tif,66.1888888888889,1.503470631,3413.1,
75-27_co-cultureA2780_15and20_Day1_TX RED_Tile-4_A1.tif,234.39444444444447,5.324234465,11623.7,
75-27_co-cultureA2780_15and20_Day1_TX RED_Tile-4_A4.tif,96.10138888888888,2.182928559,5195.8,
75-27_co-cultureA2780_15and20_Day1_TX RED_Tile-4_B1.tif,113.33541666666666,2.574396901,6045.2,
75-27_co-cultureA2780_15and20_Day1_TX RED_Tile-4_B4.tif,59.10486111111111,1.342558009,3283.7,
75-27_co-cultureA2780_15and20_Day1_TX RED_Tile-4_C1.tif,106.60208333333334,2.42145025,5537.3,
75-27_co-cultureA2780_15and20_Day1_TX RED_Tile-4_C4.tif,71.28472222222223,1.619221717,3662.1,
75-27_co-cultureA2780_15and20_Day1_TX RED_Tile-5_A1.tif,143.99583333333334,3.270843643,7537.6,
75-27_co-cultureA2780_15and20_Day1_TX RED_Tile-5_A4.tif,153.25972222222222,3.481271483,8230.5,
75-27_co-cultureA2780_15and20_Day1_TX RED_Tile-5_B1.tif,122.94305555555556,2.79263297,6341.1,
75-27_co-cultureA2780_15and20_Day1_TX RED_Tile-5_B4.tif,72.15625,1.639018339,3875.5,
75-27_co-cultureA2780_15and20_Day1_TX RED_Tile-5_C1.tif,120.17013888888889,2.729646586,6530.3,
75-27_co-cultureA2780_15and20_Day1_TX RED_Tile-5_C4.tif,42.56666666666667,0.966895415,2533.9,
