Image,Area µm^2,Confluency %,Perimeter µm,Unnamed: 4
75-25_co-cultureA2780_15and20_Day10_FITC_Tile-0_A1.tif,291.0534722222222,6.611235738,15610.2,3.989768621
75-25_co-cultureA2780_15and20_Day10_FITC_Tile-0_A4.tif,125.13541666666667,2.842432122,9355.9,2.734568137
75-25_co-cultureA2780_15and20_Day10_FITC_Tile-0_B1.tif,75.25208333333333,1.709339727,6521.8,3.593736277
75-25_co-cultureA2780_15and20_Day10_FITC_Tile-0_B4.tif,158.4673611111111,3.599562215,12670.8,
75-25_co-cultureA2780_15and20_Day10_FITC_Tile-0_C1.tif,121.7513888888889,2.765564442,11875.5,2.735885283
75-25_co-cultureA2780_15and20_Day10_FITC_Tile-0_C4.tif,177.60902777777778,4.034362287,12531.4,3.160616157
75-25_co-cultureA2780_15and20_Day10_FITC_Tile-1_A1.tif,75.07291666666667,1.705269983,6639.9,2.50318953
75-25_co-cultureA2780_15and20_Day10_FITC_Tile-1_A4.tif,123.22777777777777,2.799100393,9680.2,
75-25_co-cultureA2780_15and20_Day10_FITC_Tile-1_B1.tif,159.1138888888889,3.614247996,9203.6,
75-25_co-cultureA2780_15and20_Day10_FITC_Tile-1_B4.tif,86.97916666666667,1.975718657,8002.8,
75-25_co-cultureA2780_15and20_Day10_FITC_Tile-1_C1.tif,134.68333333333334,3.05931161,11256.6,
75-25_co-cultureA2780_15and20_Day10_FITC_Tile-1_C4.tif,69.70347222222222,1.583303862,6456.3,
75-25_co-cultureA2780_15and20_Day10_FITC_Tile-2_A1.tif,249.46666666666664,5.66659772,15607.3,
75-25_co-cultureA2780_15and20_Day10_FITC_Tile-2_A4.tif,108.47152777777778,2.463914399,8836.6,
75-25_co-cultureA2780_15and20_Day10_FITC_Tile-2_B1.tif,99.91805555555555,2.269623567,8709.9,
75-25_co-cultureA2780_15and20_Day10_FITC_Tile-2_B4.tif,112.38958333333333,2.55291244,10230.8,
75-25_co-cultureA2780_15and20_Day10_FITC_Tile-2_C1.tif,188.4923611111111,4.281575563,14181.8,
75-25_co-cultureA2780_15and20_Day10_FITC_Tile-2_C4.tif,136.19791666666666,3.093715142,11946.6,
75-25_co-cultureA2780_15and20_Day10_FITC_Tile-3_A1.tif,168.59166666666667,3.829534289,10239.4,
75-25_co-cultureA2780_15and20_Day10_FITC_Tile-3_A4.tif,91.73333333333333,2.083708836,8311.6,
75-25_co-cultureA2780_15and20_Day10_FITC_Tile-3_B1.tif,87.51666666666667,1.987927888,7605.9,
75-25_co-cultureA2780_15and20_Day10_FITC_Tile-3_B4.tif,104.60972222222222,2.376194068,8601.8,
75-25_co-cultureA2780_15and20_Day10_FITC_Tile-3_C1.tif,68.21666666666667,1.549531298,6951.4,
75-25_co-cultureA2780_15and20_Day10_FITC_Tile-3_C4.tif,86.33611111111111,1.961111747,7862.0,
75-25_co-cultureA2780_15and20_Day10_FITC_Tile-4_A1.tif,151.18958333333333,3.43424859,11309.3,
75-25_co-cultureA2780_15and20_Day10_FITC_Tile-4_A4.tif,98.97638888888889,2.24823375,7494.9,
75-25_co-cultureA2780_15and20_Day10_FITC_Tile-4_B1.tif,197.2388888888889,4.480251622,12706.4,
75-25_co-cultureA2780_15and20_Day10_FITC_Tile-4_B4.tif,173.7472222222222,3.946641956,11407.4,
75-25_co-cultureA2780_15and20_Day10_FITC_Tile-4_C1.tif,272.3298611111111,6.185931735,19653.6,
75-25_co-cultureA2780_15and20_Day10_FITC_Tile-4_C4.tif,75.51944444444445,1.715412794,7667.1,
75-25_co-cultureA2780_15and20_Day10_FITC_Tile-5_A1.tif,118.50069444444443,2.691725407,10121.3,
75-25_co-cultureA2780_15and20_Day10_FITC_Tile-5_A4.tif,175.12430555555557,3.977922196,13834.6,
75-25_co-cultureA2780_15and20_Day10_FITC_Tile-5_B1.tif,103.28125,2.346018021,7129.3,
75-25_co-cultureA2780_15and20_Day10_FITC_Tile-5_B4.tif,198.66597222222222,4.512667605,13365.1,
75-25_co-cultureA2780_15and20_Day10_FITC_Tile-5_C1.tif,163.79166666666666,3.720503013,12722.0,
75-25_co-cultureA2780_15and20_Day10_FITC_Tile-5_C4.tif,115.83749999999999,2.631231347,9843.9,
75-25_co-cultureA2780_15and20_Day12_FITC_Tile-0_A1.tif,86.78888888888889,1.971396525,6281.3,2.386231718
75-25_co-cultureA2780_15and20_Day12_FITC_Tile-0_A4.tif,68.36458333333333,1.552891203,6442.1,2.347051232
75-25_co-cultureA2780_15and20_Day12_FITC_Tile-0_B1.tif,71.57291666666667,1.625768011,6436.4,2.145217703
75-25_co-cultureA2780_15and20_Day12_FITC_Tile-0_B4.tif,125.29722222222222,2.846107511,9367.2,
75-25_co-cultureA2780_15and20_Day12_FITC_Tile-0_C1.tif,63.37430555555555,1.439537795,4831.6,1.712255325
75-25_co-cultureA2780_15and20_Day12_FITC_Tile-0_C4.tif,81.92222222222222,1.860850926,6248.6,2.278028587
75-25_co-cultureA2780_15and20_Day12_FITC_Tile-1_A1.tif,66.84305555555555,1.518329929,5720.8,2.132845471
75-25_co-cultureA2780_15and20_Day12_FITC_Tile-1_A4.tif,88.35972222222222,2.007077768,7412.4,
75-25_co-cultureA2780_15and20_Day12_FITC_Tile-1_B1.tif,255.14166666666668,5.795504489,11815.8,
75-25_co-cultureA2780_15and20_Day12_FITC_Tile-1_B4.tif,101.6888888888889,2.309847779,7921.7,
75-25_co-cultureA2780_15and20_Day12_FITC_Tile-1_C1.tif,44.02916666666667,1.000115882,4238.3,
75-25_co-cultureA2780_15and20_Day12_FITC_Tile-1_C4.tif,57.34027777777778,1.302475764,4558.4,
75-25_co-cultureA2780_15and20_Day12_FITC_Tile-2_A1.tif,76.46458333333334,1.736881481,4683.6,
75-25_co-cultureA2780_15and20_Day12_FITC_Tile-2_A4.tif,83.28888888888889,1.891894553,5773.4,
75-25_co-cultureA2780_15and20_Day12_FITC_Tile-2_B1.tif,72.82013888888889,1.654098475,7238.8,
75-25_co-cultureA2780_15and20_Day12_FITC_Tile-2_B4.tif,72.33541666666666,1.643088083,5198.6,
75-25_co-cultureA2780_15and20_Day12_FITC_Tile-2_C1.tif,86.85208333333334,1.972831978,7560.4,
75-25_co-cultureA2780_15and20_Day12_FITC_Tile-2_C4.tif,125.5923611111111,2.852811546,8212.0,
75-25_co-cultureA2780_15and20_Day12_FITC_Tile-3_A1.tif,189.35694444444445,4.301214443,10286.3,
75-25_co-cultureA2780_15and20_Day12_FITC_Tile-3_A4.tif,106.44722222222222,2.417932603,8742.7,
75-25_co-cultureA2780_15and20_Day12_FITC_Tile-3_B1.tif,66.22430555555555,1.504275116,5727.9,
75-25_co-cultureA2780_15and20_Day12_FITC_Tile-3_B4.tif,86.20902777777778,1.958225068,6918.7,
75-25_co-cultureA2780_15and20_Day12_FITC_Tile-3_C1.tif,68.74027777777778,1.561425045,6420.8,
75-25_co-cultureA2780_15and20_Day12_FITC_Tile-3_C4.tif,92.77361111111111,2.107338588,8509.3,
75-25_co-cultureA2780_15and20_Day12_FITC_Tile-4_A1.tif,134.21249999999998,3.048616702,9980.4,
75-25_co-cultureA2780_15and20_Day12_FITC_Tile-4_A4.tif,45.947916666666664,1.043699999,4717.8,
75-25_co-cultureA2780_15and20_Day12_FITC_Tile-4_B1.tif,107.83541666666666,2.449465231,9538.0,
75-25_co-cultureA2780_15and20_Day12_FITC_Tile-4_B4.tif,93.40972222222223,2.121787756,8506.5,
75-25_co-cultureA2780_15and20_Day12_FITC_Tile-4_C1.tif,216.12083333333334,4.909152144,15901.8,
75-25_co-cultureA2780_15and20_Day12_FITC_Tile-4_C4.tif,128.92777777777778,2.928575033,9900.8,
75-25_co-cultureA2780_15and20_Day12_FITC_Tile-5_A1.tif,76.64375000000001,1.740951225,6585.8,
75-25_co-cultureA2780_15and20_Day12_FITC_Tile-5_A4.tif,59.87430555555555,1.360035823,5443.4,
75-25_co-cultureA2780_15and20_Day12_FITC_Tile-5_B1.tif,46.36597222222222,1.053196068,3317.8,
75-25_co-cultureA2780_15and20_Day12_FITC_Tile-5_B4.tif,122.78819444444444,2.789115323,9853.8,
75-25_co-cultureA2780_15and20_Day12_FITC_Tile-5_C1.tif,87.53055555555555,1.988243372,6611.4,
75-25_co-cultureA2780_15and20_Day12_FITC_Tile-5_C4.tif,76.82291666666667,1.745020969,7107.9,
75-25_co-cultureA2780_15and20_Day14_FITC_Tile-0_A1.tif,134.52569444444444,3.055730866,8611.8,1.950913726
75-25_co-cultureA2780_15and20_Day14_FITC_Tile-0_A4.tif,68.49097222222223,1.555762107,5821.8,2.179368848
75-25_co-cultureA2780_15and20_Day14_FITC_Tile-0_B1.tif,73.14027777777778,1.661370382,6130.5,2.158588967
75-25_co-cultureA2780_15and20_Day14_FITC_Tile-0_B4.tif,66.85347222222222,1.518566542,5012.3,
75-25_co-cultureA2780_15and20_Day14_FITC_Tile-0_C1.tif,92.71388888888889,2.105982007,7022.6,1.365062535
75-25_co-cultureA2780_15and20_Day14_FITC_Tile-0_C4.tif,67.9076388888889,1.542511779,5255.6,1.560034287
75-25_co-cultureA2780_15and20_Day14_FITC_Tile-1_A1.tif,108.30972222222222,2.46023901,8352.8,1.116613614
75-25_co-cultureA2780_15and20_Day14_FITC_Tile-1_A4.tif,85.23263888888889,1.936046541,6718.1,
75-25_co-cultureA2780_15and20_Day14_FITC_Tile-1_B1.tif,236.54166666666666,5.373008294,12006.4,
75-25_co-cultureA2780_15and20_Day14_FITC_Tile-1_B4.tif,48.16180555555556,1.093988152,4359.2,
75-25_co-cultureA2780_15and20_Day14_FITC_Tile-1_C1.tif,89.47430555555555,2.03239536,8288.8,
75-25_co-cultureA2780_15and20_Day14_FITC_Tile-1_C4.tif,68.76180555555555,1.561914046,5663.9,
75-25_co-cultureA2780_15and20_Day14_FITC_Tile-2_A1.tif,51.510416666666664,1.170051348,5002.3,
75-25_co-cultureA2780_15and20_Day14_FITC_Tile-2_A4.tif,29.216666666666665,0.663652178,2603.6,
75-25_co-cultureA2780_15and20_Day14_FITC_Tile-2_B1.tif,78.28472222222223,1.778225662,6877.5,
75-25_co-cultureA2780_15and20_Day14_FITC_Tile-2_B4.tif,38.46597222222223,0.873748759,3246.7,
75-25_co-cultureA2780_15and20_Day14_FITC_Tile-2_C1.tif,77.62430555555555,1.763224397,7573.2,
75-25_co-cultureA2780_15and20_Day14_FITC_Tile-2_C4.tif,17.627083333333335,0.40039654,1737.2,
75-25_co-cultureA2780_15and20_Day14_FITC_Tile-3_A1.tif,83.60902777777778,1.89916646,5535.8,
75-25_co-cultureA2780_15and20_Day14_FITC_Tile-3_A4.tif,70.71875,1.606365744,5506.0,
75-25_co-cultureA2780_15and20_Day14_FITC_Tile-3_B1.tif,57.63194444444444,1.309100929,4810.2,
75-25_co-cultureA2780_15and20_Day14_FITC_Tile-3_B4.tif,165.7173611111111,3.764244872,11057.4,
75-25_co-cultureA2780_15and20_Day14_FITC_Tile-3_C1.tif,76.09930555555555,1.728584252,5883.0,
75-25_co-cultureA2780_15and20_Day14_FITC_Tile-3_C4.tif,34.66041666666667,0.787306139,3131.4,
75-25_co-cultureA2780_15and20_Day14_FITC_Tile-4_A1.tif,74.91111111111111,1.701594594,6315.5,
75-25_co-cultureA2780_15and20_Day14_FITC_Tile-4_A4.tif,44.21875,1.004422239,4310.9,
75-25_co-cultureA2780_15and20_Day14_FITC_Tile-4_B1.tif,100.38888888888889,2.280318475,8428.2,
75-25_co-cultureA2780_15and20_Day14_FITC_Tile-4_B4.tif,36.12222222222223,0.820510831,3263.7,
75-25_co-cultureA2780_15and20_Day14_FITC_Tile-4_C1.tif,127.75,2.901821988,10220.9,
75-25_co-cultureA2780_15and20_Day14_FITC_Tile-4_C4.tif,60.74930555555555,1.379911316,5285.4,
75-25_co-cultureA2780_15and20_Day14_FITC_Tile-5_A1.tif,62.45694444444444,1.418700076,4922.6,
75-25_co-cultureA2780_15and20_Day14_FITC_Tile-5_A4.tif,62.69583333333334,1.424126401,5296.8,
75-25_co-cultureA2780_15and20_Day14_FITC_Tile-5_B1.tif,29.680555555555557,0.674189344,2723.1,
75-25_co-cultureA2780_15and20_Day14_FITC_Tile-5_B4.tif,56.75347222222222,1.289146565,5329.5,
75-25_co-cultureA2780_15and20_Day14_FITC_Tile-5_C1.tif,106.51736111111111,2.419525797,6888.8,
75-25_co-cultureA2780_15and20_Day14_FITC_Tile-5_C4.tif,45.24097222222222,1.027641863,4498.7,
75-25_co-cultureA2780_15and20_Day16_FITC_Tile-0_A1.tif,92.68958333333333,2.10542991,5567.1,1.481460363
75-25_co-cultureA2780_15and20_Day16_FITC_Tile-0_A4.tif,66.55833333333334,1.511862506,4854.3,1.05803349
75-25_co-cultureA2780_15and20_Day16_FITC_Tile-0_B1.tif,22.12847222222222,0.50264491,2107.1,1.198313458
75-25_co-cultureA2780_15and20_Day16_FITC_Tile-0_B4.tif,58.55972222222223,1.330175261,5013.7,
75-25_co-cultureA2780_15and20_Day16_FITC_Tile-0_C1.tif,25.65,0.582635883,2230.8,0.881917166
75-25_co-cultureA2780_15and20_Day16_FITC_Tile-0_C4.tif,19.520833333333332,0.443412786,1358.7,1.096509395
75-25_co-cultureA2780_15and20_Day16_FITC_Tile-1_A1.tif,95.55000000000001,2.170403843,7395.3,0.433548652
75-25_co-cultureA2780_15and20_Day16_FITC_Tile-1_A4.tif,30.12013888888889,0.684174413,2831.2,
75-25_co-cultureA2780_15and20_Day16_FITC_Tile-1_B1.tif,38.37777777777777,0.871745436,3788.7,
75-25_co-cultureA2780_15and20_Day16_FITC_Tile-1_B4.tif,43.361111111111114,0.984941101,3531.2,
75-25_co-cultureA2780_15and20_Day16_FITC_Tile-1_C1.tif,25.941666666666666,0.589261047,2290.6,
75-25_co-cultureA2780_15and20_Day16_FITC_Tile-1_C4.tif,37.75972222222222,0.857706397,2400.1,
75-25_co-cultureA2780_15and20_Day16_FITC_Tile-2_A1.tif,22.620833333333334,0.513828819,2710.3,
75-25_co-cultureA2780_15and20_Day16_FITC_Tile-2_A4.tif,18.084027777777777,0.410775964,1888.0,
75-25_co-cultureA2780_15and20_Day16_FITC_Tile-2_B1.tif,29.666666666666668,0.67387386,3481.4,
75-25_co-cultureA2780_15and20_Day16_FITC_Tile-2_B4.tif,44.893055555555556,1.019738988,3369.0,
75-25_co-cultureA2780_15and20_Day16_FITC_Tile-2_C1.tif,84.89513888888888,1.92838028,7408.1,
75-25_co-cultureA2780_15and20_Day16_FITC_Tile-2_C4.tif,7.956250000000001,0.180725019,736.97,
75-25_co-cultureA2780_15and20_Day16_FITC_Tile-3_A1.tif,84.75416666666666,1.925178117,5773.4,
75-25_co-cultureA2780_15and20_Day16_FITC_Tile-3_A4.tif,45.764583333333334,1.03953561,4151.5,
75-25_co-cultureA2780_15and20_Day16_FITC_Tile-3_B1.tif,48.63263888888889,1.10468306,3603.8,
75-25_co-cultureA2780_15and20_Day16_FITC_Tile-3_B4.tif,50.952083333333334,1.157368891,4446.0,
75-25_co-cultureA2780_15and20_Day16_FITC_Tile-3_C1.tif,39.69236111111111,0.901605998,3646.5,
75-25_co-cultureA2780_15and20_Day16_FITC_Tile-3_C4.tif,20.983333333333334,0.476633253,1337.4,
75-25_co-cultureA2780_15and20_Day16_FITC_Tile-4_A1.tif,53.41875,1.213398852,4377.7,
75-25_co-cultureA2780_15and20_Day16_FITC_Tile-4_A4.tif,23.407638888888886,0.531700988,1925.0,
75-25_co-cultureA2780_15and20_Day16_FITC_Tile-4_B1.tif,106.19444444444444,2.412190794,8069.7,
75-25_co-cultureA2780_15and20_Day16_FITC_Tile-4_B4.tif,63.99305555555556,1.453592608,5602.7,
75-25_co-cultureA2780_15and20_Day16_FITC_Tile-4_C1.tif,51.05,1.159593053,5261.2,
75-25_co-cultureA2780_15and20_Day16_FITC_Tile-4_C4.tif,15.665972222222223,0.355850197,1119.7,
75-25_co-cultureA2780_15and20_Day16_FITC_Tile-5_A1.tif,42.28611111111111,0.960522638,3526.9,
75-25_co-cultureA2780_15and20_Day16_FITC_Tile-5_A4.tif,49.01875,1.113453515,3674.9,
75-25_co-cultureA2780_15and20_Day16_FITC_Tile-5_B1.tif,34.47361111111111,0.783062879,2906.6,
75-25_co-cultureA2780_15and20_Day16_FITC_Tile-5_B4.tif,27.87777777777778,0.633239519,2336.1,
75-25_co-cultureA2780_15and20_Day16_FITC_Tile-5_C1.tif,89.29861111111111,2.028404487,7043.9,
75-25_co-cultureA2780_15and20_Day16_FITC_Tile-5_C4.tif,12.633333333333333,0.286964262,1021.5,
75-25_co-cultureA2780_15and20_Day18_FITC_Tile-0_A1.tif,25.070138888888888,0.569464425,2136.9,0.681429703
75-25_co-cultureA2780_15and20_Day18_FITC_Tile-0_A4.tif,36.150000000000006,0.821141799,3396.1,0.820947251
75-25_co-cultureA2780_15and20_Day18_FITC_Tile-0_B1.tif,14.664583333333333,0.333103799,1381.5,1.021660812
75-25_co-cultureA2780_15and20_Day18_FITC_Tile-0_B4.tif,35.55972222222223,0.807733729,2977.8,
75-25_co-cultureA2780_15and20_Day18_FITC_Tile-0_C1.tif,15.616666666666667,0.354730229,1269.1,0.756699457
75-25_co-cultureA2780_15and20_Day18_FITC_Tile-0_C4.tif,32.93819444444445,0.748186121,2765.8,0.980916051
75-25_co-cultureA2780_15and20_Day18_FITC_Tile-1_A1.tif,35.82013888888889,0.813649054,3142.8,1.105863496
75-25_co-cultureA2780_15and20_Day18_FITC_Tile-1_A4.tif,74.17708333333333,1.684921264,5360.8,
75-25_co-cultureA2780_15and20_Day18_FITC_Tile-1_B1.tif,44.822916666666664,1.018145794,3663.5,
75-25_co-cultureA2780_15and20_Day18_FITC_Tile-1_B4.tif,24.729166666666668,0.561719292,2245.1,
75-25_co-cultureA2780_15and20_Day18_FITC_Tile-1_C1.tif,58.8763888888889,1.337368297,3407.4,
75-25_co-cultureA2780_15and20_Day18_FITC_Tile-1_C4.tif,21.538194444444443,0.489236839,1832.5,
75-25_co-cultureA2780_15and20_Day18_FITC_Tile-2_A1.tif,25.625,0.582068011,2919.4,
75-25_co-cultureA2780_15and20_Day18_FITC_Tile-2_A4.tif,5.541805555555555,0.125881278,564.82,
75-25_co-cultureA2780_15and20_Day18_FITC_Tile-2_B1.tif,38.03402777777777,0.863937206,4010.7,
75-25_co-cultureA2780_15and20_Day18_FITC_Tile-2_B4.tif,78.24305555555556,1.77727921,5622.6,
75-25_co-cultureA2780_15and20_Day18_FITC_Tile-2_C1.tif,41.19652777777778,0.935772917,4211.3,
75-25_co-cultureA2780_15and20_Day18_FITC_Tile-2_C4.tif,104.14930555555556,2.365735773,5939.9,
75-25_co-cultureA2780_15and20_Day18_FITC_Tile-3_A1.tif,38.50833333333333,0.874710986,3309.3,
75-25_co-cultureA2780_15and20_Day18_FITC_Tile-3_A4.tif,27.37847222222222,0.621897869,2533.9,
75-25_co-cultureA2780_15and20_Day18_FITC_Tile-3_B1.tif,35.545833333333334,0.807418245,3056.0,
75-25_co-cultureA2780_15and20_Day18_FITC_Tile-3_B4.tif,54.56458333333333,1.239426283,4135.9,
75-25_co-cultureA2780_15and20_Day18_FITC_Tile-3_C1.tif,70.70138888888889,1.605971389,5377.9,
75-25_co-cultureA2780_15and20_Day18_FITC_Tile-3_C4.tif,49.75,1.130063749,3767.4,
75-25_co-cultureA2780_15and20_Day18_FITC_Tile-4_A1.tif,22.459027777777777,0.51015343,2047.3,
75-25_co-cultureA2780_15and20_Day18_FITC_Tile-4_A4.tif,19.1625,0.435273298,1750.0,
75-25_co-cultureA2780_15and20_Day18_FITC_Tile-4_B1.tif,62.959722222222226,1.430120598,6309.8,
75-25_co-cultureA2780_15and20_Day18_FITC_Tile-4_B4.tif,21.679166666666667,0.492439002,1619.1,
75-25_co-cultureA2780_15and20_Day18_FITC_Tile-4_C1.tif,37.59444444444445,0.853952137,2579.4,
75-25_co-cultureA2780_15and20_Day18_FITC_Tile-4_C4.tif,53.162499999999994,1.207578172,4437.5,
75-25_co-cultureA2780_15and20_Day18_FITC_Tile-5_A1.tif,32.513194444444444,0.73853231,2757.2,
75-25_co-cultureA2780_15and20_Day18_FITC_Tile-5_A4.tif,37.46805555555555,0.851081233,3071.7,
75-25_co-cultureA2780_15and20_Day18_FITC_Tile-5_B1.tif,20.821527777777778,0.472957864,1909.3,
75-25_co-cultureA2780_15and20_Day18_FITC_Tile-5_B4.tif,44.327777777777776,1.006898789,3815.8,
75-25_co-cultureA2780_15and20_Day18_FITC_Tile-5_C1.tif,45.88055555555556,1.042169902,3834.3,
75-25_co-cultureA2780_15and20_Day18_FITC_Tile-5_C4.tif,30.569444444444443,0.694380321,2252.2,
75-25_co-cultureA2780_15and20_Day2_FITC_Tile-0_A1.tif,36.6875,0.833351031,2506.8,0.733098623
75-25_co-cultureA2780_15and20_Day2_FITC_Tile-0_A4.tif,7.025,0.159571816,488.0,0.732446097
75-25_co-cultureA2780_15and20_Day2_FITC_Tile-0_B1.tif,34.087500000000006,0.774292423,2045.9,0.700463905
75-25_co-cultureA2780_15and20_Day2_FITC_Tile-0_B4.tif,22.06875,0.501288329,1388.6,
75-25_co-cultureA2780_15and20_Day2_FITC_Tile-0_C1.tif,22.922916666666666,0.520690596,1404.2,0.411209755
75-25_co-cultureA2780_15and20_Day2_FITC_Tile-0_C4.tif,11.831944444444444,0.268760834,803.84,0.4239001
75-25_co-cultureA2780_15and20_Day2_FITC_Tile-1_A1.tif,2.3404166666666666,0.053162212,187.8,0.341125506
75-25_co-cultureA2780_15and20_Day2_FITC_Tile-1_A4.tif,9.561805555555557,0.217194972,628.85,
75-25_co-cultureA2780_15and20_Day2_FITC_Tile-1_B1.tif,26.563194444444445,0.603378957,1789.8,
75-25_co-cultureA2780_15and20_Day2_FITC_Tile-1_B4.tif,23.112499999999997,0.524996953,1360.1,
75-25_co-cultureA2780_15and20_Day2_FITC_Tile-1_C1.tif,17.293055555555554,0.39280915,1240.6,
75-25_co-cultureA2780_15and20_Day2_FITC_Tile-1_C4.tif,17.461805555555557,0.39664228,1028.6,
75-25_co-cultureA2780_15and20_Day2_FITC_Tile-2_A1.tif,41.53402777777777,0.943439179,2353.2,
75-25_co-cultureA2780_15and20_Day2_FITC_Tile-2_A4.tif,15.595833333333335,0.354257003,904.86,
75-25_co-cultureA2780_15and20_Day2_FITC_Tile-2_B1.tif,31.079166666666666,0.705958585,1967.6,
75-25_co-cultureA2780_15and20_Day2_FITC_Tile-2_B4.tif,13.511805555555556,0.306918626,801.0,
75-25_co-cultureA2780_15and20_Day2_FITC_Tile-2_C1.tif,26.73888888888889,0.60736983,1636.1,
75-25_co-cultureA2780_15and20_Day2_FITC_Tile-2_C4.tif,13.265972222222222,0.301334559,865.02,
75-25_co-cultureA2780_15and20_Day2_FITC_Tile-3_A1.tif,16.59722222222222,0.3770034,927.62,
75-25_co-cultureA2780_15and20_Day2_FITC_Tile-3_A4.tif,24.17013888888889,0.549021061,1506.7,
75-25_co-cultureA2780_15and20_Day2_FITC_Tile-3_B1.tif,19.450694444444444,0.441819592,1139.6,
75-25_co-cultureA2780_15and20_Day2_FITC_Tile-3_B4.tif,25.206944444444446,0.572571942,1512.4,
75-25_co-cultureA2780_15and20_Day2_FITC_Tile-3_C1.tif,23.695833333333333,0.538247281,1424.2,
75-25_co-cultureA2780_15and20_Day2_FITC_Tile-3_C4.tif,4.494583333333334,0.102093783,348.57,
75-25_co-cultureA2780_15and20_Day2_FITC_Tile-4_A1.tif,75.20625000000001,1.70829863,4266.8,
75-25_co-cultureA2780_15and20_Day2_FITC_Tile-4_A4.tif,17.56736111111111,0.399039959,1094.1,
75-25_co-cultureA2780_15and20_Day2_FITC_Tile-4_B1.tif,52.55763888888889,1.193838843,3014.8,
75-25_co-cultureA2780_15and20_Day2_FITC_Tile-4_B4.tif,13.525694444444445,0.30723411,919.08,
75-25_co-cultureA2780_15and20_Day2_FITC_Tile-4_C1.tif,41.43194444444444,0.941120371,2420.1,
75-25_co-cultureA2780_15and20_Day2_FITC_Tile-4_C4.tif,27.618055555555557,0.627339968,1774.1,
75-25_co-cultureA2780_15and20_Day2_FITC_Tile-5_A1.tif,21.27847222222222,0.483337288,1432.7,
75-25_co-cultureA2780_15and20_Day2_FITC_Tile-5_A4.tif,34.69861111111111,0.78817372,2243.6,
75-25_co-cultureA2780_15and20_Day2_FITC_Tile-5_B1.tif,29.733333333333334,0.675388184,1954.8,
75-25_co-cultureA2780_15and20_Day2_FITC_Tile-5_B4.tif,14.54513888888889,0.330390637,921.93,
75-25_co-cultureA2780_15and20_Day2_FITC_Tile-5_C1.tif,52.94097222222222,1.202546202,2962.1,
75-25_co-cultureA2780_15and20_Day2_FITC_Tile-5_C4.tif,15.434027777777779,0.350581614,1099.8,
75-25_co-cultureA2780_15and20_Day3_FITC_Tile-0_A1.tif,60.763194444444444,1.3802268,4235.5,1.212746326
75-25_co-cultureA2780_15and20_Day3_FITC_Tile-0_A4.tif,2.730486111111111,0.06202258,170.73,1.171439478
75-25_co-cultureA2780_15and20_Day3_FITC_Tile-0_B1.tif,46.453472222222224,1.055183617,2993.4,1.051726439
75-25_co-cultureA2780_15and20_Day3_FITC_Tile-0_B4.tif,35.71458333333333,0.811251376,2347.5,
75-25_co-cultureA2780_15and20_Day3_FITC_Tile-0_C1.tif,37.77708333333333,0.858100752,2525.3,0.696727785
75-25_co-cultureA2780_15and20_Day3_FITC_Tile-0_C4.tif,20.023611111111112,0.454833307,1338.8,0.631725196
75-25_co-cultureA2780_15and20_Day3_FITC_Tile-1_A1.tif,3.714444444444444,0.084373046,338.61,0.537214071
75-25_co-cultureA2780_15and20_Day3_FITC_Tile-1_A4.tif,17.613194444444446,0.400081056,1209.3,
75-25_co-cultureA2780_15and20_Day3_FITC_Tile-1_B1.tif,47.578472222222224,1.080737823,3295.0,
75-25_co-cultureA2780_15and20_Day3_FITC_Tile-1_B4.tif,27.930555555555557,0.634438358,1779.8,
75-25_co-cultureA2780_15and20_Day3_FITC_Tile-1_C1.tif,33.58819444444444,0.762950773,2279.2,
75-25_co-cultureA2780_15and20_Day3_FITC_Tile-1_C4.tif,23.60486111111111,0.536180861,1604.8,
75-25_co-cultureA2780_15and20_Day3_FITC_Tile-2_A1.tif,67.25069444444445,1.527589385,3867.0,
75-25_co-cultureA2780_15and20_Day3_FITC_Tile-2_A4.tif,49.71805555555555,1.129338136,3827.1,
75-25_co-cultureA2780_15and20_Day3_FITC_Tile-2_B1.tif,48.920833333333334,1.111229353,3225.3,
75-25_co-cultureA2780_15and20_Day3_FITC_Tile-2_B4.tif,27.631944444444443,0.627655452,2760.1,
75-25_co-cultureA2780_15and20_Day3_FITC_Tile-2_C1.tif,64.50208333333333,1.465155098,4465.9,
75-25_co-cultureA2780_15and20_Day3_FITC_Tile-2_C4.tif,30.161805555555556,0.685120866,2737.3,
75-25_co-cultureA2780_15and20_Day3_FITC_Tile-3_A1.tif,40.78194444444445,0.926355719,2363.2,
75-25_co-cultureA2780_15and20_Day3_FITC_Tile-3_A4.tif,44.27847222222223,1.00577882,2728.8,
75-25_co-cultureA2780_15and20_Day3_FITC_Tile-3_B1.tif,46.83680555555556,1.063890976,2943.6,
75-25_co-cultureA2780_15and20_Day3_FITC_Tile-3_B4.tif,33.20902777777778,0.754338059,1842.4,
75-25_co-cultureA2780_15and20_Day3_FITC_Tile-3_C1.tif,48.010416666666664,1.090549376,3023.3,
75-25_co-cultureA2780_15and20_Day3_FITC_Tile-3_C4.tif,33.78541666666667,0.767430646,2181.0,
75-25_co-cultureA2780_15and20_Day3_FITC_Tile-4_A1.tif,92.24652777777777,2.09536597,5772.0,
75-25_co-cultureA2780_15and20_Day3_FITC_Tile-4_A4.tif,33.79236111111111,0.767588388,2953.6,
75-25_co-cultureA2780_15and20_Day3_FITC_Tile-4_B1.tif,67.25069444444445,1.527589385,4349.3,
75-25_co-cultureA2780_15and20_Day3_FITC_Tile-4_B4.tif,23.052777777777777,0.523640371,1865.2,
75-25_co-cultureA2780_15and20_Day3_FITC_Tile-4_C1.tif,64.0,1.45375035,4202.7,
75-25_co-cultureA2780_15and20_Day3_FITC_Tile-4_C4.tif,17.65138888888889,0.400948637,1355.9,
75-25_co-cultureA2780_15and20_Day3_FITC_Tile-5_A1.tif,55.583333333333336,1.262567036,3703.4,
75-25_co-cultureA2780_15and20_Day3_FITC_Tile-5_A4.tif,35.90416666666667,0.815557732,2509.7,
75-25_co-cultureA2780_15and20_Day3_FITC_Tile-5_B1.tif,52.388888888888886,1.190005712,3492.8,
75-25_co-cultureA2780_15and20_Day3_FITC_Tile-5_B4.tif,19.327777777777776,0.439027558,1287.6,
75-25_co-cultureA2780_15and20_Day3_FITC_Tile-5_C1.tif,29.92986111111111,0.679852282,2267.8,
75-25_co-cultureA2780_15and20_Day3_FITC_Tile-5_C4.tif,16.674999999999997,0.378770111,1311.8,
75-25_co-cultureA2780_15and20_Day4_FITC_Tile-0_A1.tif,90.84791666666666,2.063596729,5824.6,2.317145976
75-25_co-cultureA2780_15and20_Day4_FITC_Tile-0_A4.tif,29.989583333333332,0.681208864,2198.1,1.775833242
75-25_co-cultureA2780_15and20_Day4_FITC_Tile-0_B1.tif,74.79513888888889,1.698960303,4867.2,1.802586286
75-25_co-cultureA2780_15and20_Day4_FITC_Tile-0_B4.tif,75.27361111111111,1.709828727,5120.4,
75-25_co-cultureA2780_15and20_Day4_FITC_Tile-0_C1.tif,75.07291666666667,1.705269983,5003.7,1.429600049
75-25_co-cultureA2780_15and20_Day4_FITC_Tile-0_C4.tif,27.702083333333334,0.629248646,1805.4,1.290524178
75-25_co-cultureA2780_15and20_Day4_FITC_Tile-1_A1.tif,66.62847222222223,1.513455701,4231.2,0.927933139
75-25_co-cultureA2780_15and20_Day4_FITC_Tile-1_A4.tif,43.006249999999994,0.976880484,2976.3,
75-25_co-cultureA2780_15and20_Day4_FITC_Tile-1_B1.tif,48.337500000000006,1.097979024,3758.8,
75-25_co-cultureA2780_15and20_Day4_FITC_Tile-1_B4.tif,69.84722222222223,1.586569122,4629.6,
75-25_co-cultureA2780_15and20_Day4_FITC_Tile-1_C1.tif,21.088194444444444,0.479015157,1330.3,
75-25_co-cultureA2780_15and20_Day4_FITC_Tile-1_C4.tif,26.152083333333334,0.59404063,1751.4,
75-25_co-cultureA2780_15and20_Day4_FITC_Tile-2_A1.tif,118.60624999999999,2.694123086,8721.3,
75-25_co-cultureA2780_15and20_Day4_FITC_Tile-2_A4.tif,84.30833333333334,1.91505108,5090.5,
75-25_co-cultureA2780_15and20_Day4_FITC_Tile-2_B1.tif,83.58055555555556,1.898519718,7093.7,
75-25_co-cultureA2780_15and20_Day4_FITC_Tile-2_B4.tif,49.212500000000006,1.117854517,3381.8,
75-25_co-cultureA2780_15and20_Day4_FITC_Tile-2_C1.tif,113.58819444444445,2.580138711,8771.1,
75-25_co-cultureA2780_15and20_Day4_FITC_Tile-2_C4.tif,44.65069444444444,1.014233792,2993.4,
75-25_co-cultureA2780_15and20_Day4_FITC_Tile-3_A1.tif,111.94722222222222,2.542864274,6954.3,
75-25_co-cultureA2780_15and20_Day4_FITC_Tile-3_A4.tif,96.64305555555556,2.195232436,6699.6,
75-25_co-cultureA2780_15and20_Day4_FITC_Tile-3_B1.tif,96.27708333333334,2.186919432,6154.7,
75-25_co-cultureA2780_15and20_Day4_FITC_Tile-3_B4.tif,55.260416666666664,1.255232033,3199.7,
75-25_co-cultureA2780_15and20_Day4_FITC_Tile-3_C1.tif,111.69722222222222,2.537185562,6611.4,
75-25_co-cultureA2780_15and20_Day4_FITC_Tile-3_C4.tif,23.885416666666668,0.542553638,1707.3,
75-25_co-cultureA2780_15and20_Day4_FITC_Tile-4_A1.tif,95.01597222222222,2.158273483,6666.9,
75-25_co-cultureA2780_15and20_Day4_FITC_Tile-4_A4.tif,63.068749999999994,1.432597147,4226.9,
75-25_co-cultureA2780_15and20_Day4_FITC_Tile-4_B1.tif,103.66388888888889,2.354709606,7496.4,
75-25_co-cultureA2780_15and20_Day4_FITC_Tile-4_B4.tif,49.381249999999994,1.121687648,4005.0,
75-25_co-cultureA2780_15and20_Day4_FITC_Tile-4_C1.tif,103.14375000000001,2.34289473,6880.3,
75-25_co-cultureA2780_15and20_Day4_FITC_Tile-4_C4.tif,72.68333333333334,1.650990958,4456.0,
75-25_co-cultureA2780_15and20_Day4_FITC_Tile-5_A1.tif,129.01527777777778,2.930562582,8253.2,
75-25_co-cultureA2780_15and20_Day4_FITC_Tile-5_A4.tif,60.60486111111111,1.376630282,4372.0,
75-25_co-cultureA2780_15and20_Day4_FITC_Tile-5_B1.tif,62.42222222222222,1.417911366,4238.3,
75-25_co-cultureA2780_15and20_Day4_FITC_Tile-5_B4.tif,41.90972222222222,0.951973021,2940.8,
75-25_co-cultureA2780_15and20_Day4_FITC_Tile-5_C1.tif,51.55277777777778,1.171013574,3598.1,
75-25_co-cultureA2780_15and20_Day4_FITC_Tile-5_C4.tif,50.03472222222222,1.136531171,3461.5,
75-25_co-cultureA2780_15and20_Day5_FITC_Tile-0_A1.tif,189.42361111111111,4.302728766,12174.3,3.62897847
75-25_co-cultureA2780_15and20_Day5_FITC_Tile-0_A4.tif,41.56527777777777,0.944149018,2602.2,3.750200575
75-25_co-cultureA2780_15and20_Day5_FITC_Tile-0_B1.tif,124.61874999999999,2.830696117,8213.4,2.849806561
75-25_co-cultureA2780_15and20_Day5_FITC_Tile-0_B4.tif,127.45833333333333,2.895196824,8537.8,
75-25_co-cultureA2780_15and20_Day5_FITC_Tile-0_C1.tif,123.45972222222223,2.804368976,7345.5,1.968927863
75-25_co-cultureA2780_15and20_Day5_FITC_Tile-0_C4.tif,52.395833333333336,1.190163454,3526.9,2.138979006
75-25_co-cultureA2780_15and20_Day5_FITC_Tile-1_A1.tif,55.62916666666667,1.263608133,3618.0,1.431166953
75-25_co-cultureA2780_15and20_Day5_FITC_Tile-1_A4.tif,66.76527777777778,1.516563218,4615.3,
75-25_co-cultureA2780_15and20_Day5_FITC_Tile-1_B1.tif,147.81944444444446,3.357696393,10898.1,
75-25_co-cultureA2780_15and20_Day5_FITC_Tile-1_B4.tif,122.96388888888889,2.793106196,7607.3,
75-25_co-cultureA2780_15and20_Day5_FITC_Tile-1_C1.tif,102.03680555555555,2.317750654,7496.4,
75-25_co-cultureA2780_15and20_Day5_FITC_Tile-1_C4.tif,68.33263888888888,1.552165589,3960.9,
75-25_co-cultureA2780_15and20_Day5_FITC_Tile-2_A1.tif,182.53958333333333,4.146359113,11653.6,
75-25_co-cultureA2780_15and20_Day5_FITC_Tile-2_A4.tif,99.60555555555555,2.262525176,6349.6,
75-25_co-cultureA2780_15and20_Day5_FITC_Tile-2_B1.tif,177.3138888888889,4.027658252,10273.5,
75-25_co-cultureA2780_15and20_Day5_FITC_Tile-2_B4.tif,85.86527777777778,1.950416838,5653.9,
75-25_co-cultureA2780_15and20_Day5_FITC_Tile-2_C1.tif,141.13541666666666,3.20586971,10030.2,
75-25_co-cultureA2780_15and20_Day5_FITC_Tile-2_C4.tif,49.953472222222224,1.13468559,3912.5,
75-25_co-cultureA2780_15and20_Day5_FITC_Tile-3_A1.tif,124.46458333333334,2.827194244,7772.4,
75-25_co-cultureA2780_15and20_Day5_FITC_Tile-3_A4.tif,124.06041666666667,2.818013659,7820.7,
75-25_co-cultureA2780_15and20_Day5_FITC_Tile-3_B1.tif,93.76458333333333,2.129848373,6773.6,
75-25_co-cultureA2780_15and20_Day5_FITC_Tile-3_B4.tif,78.07083333333334,1.773367208,5352.3,
75-25_co-cultureA2780_15and20_Day5_FITC_Tile-3_C1.tif,166.55694444444444,3.78331588,9355.9,
75-25_co-cultureA2780_15and20_Day5_FITC_Tile-3_C4.tif,43.393055555555556,0.985666714,3278.0,
75-25_co-cultureA2780_15and20_Day5_FITC_Tile-4_A1.tif,267.2444444444444,6.070417262,15001.2,
75-25_co-cultureA2780_15and20_Day5_FITC_Tile-4_A4.tif,76.02847222222222,1.726975283,4999.5,
75-25_co-cultureA2780_15and20_Day5_FITC_Tile-4_B1.tif,282.8930555555555,6.425873104,16994.5,
75-25_co-cultureA2780_15and20_Day5_FITC_Tile-4_B4.tif,78.28819444444444,1.778304533,6496.2,
75-25_co-cultureA2780_15and20_Day5_FITC_Tile-4_C1.tif,142.05277777777778,3.226707429,10647.7,
75-25_co-cultureA2780_15and20_Day5_FITC_Tile-4_C4.tif,110.28819444444444,2.505179708,7581.7,
75-25_co-cultureA2780_15and20_Day5_FITC_Tile-5_A1.tif,139.27291666666667,3.163563303,9418.5,
75-25_co-cultureA2780_15and20_Day5_FITC_Tile-5_A4.tif,112.05625,2.545340823,7595.9,
75-25_co-cultureA2780_15and20_Day5_FITC_Tile-5_B1.tif,164.1847222222222,3.72943121,11056.0,
75-25_co-cultureA2780_15and20_Day5_FITC_Tile-5_B4.tif,72.35277777777777,1.643482438,5634.0,
75-25_co-cultureA2780_15and20_Day5_FITC_Tile-5_C1.tif,77.51875000000001,1.760826718,5323.8,
75-25_co-cultureA2780_15and20_Day5_FITC_Tile-5_C4.tif,53.671527777777776,1.219140661,3936.7,
75-25_co-cultureA2780_15and20_Day6_FITC_Tile-0_A1.tif,239.8236111111111,5.447557167,13207.2,5.087114048
75-25_co-cultureA2780_15and20_Day6_FITC_Tile-0_A4.tif,69.77708333333334,1.584975927,5486.0,3.516976386
75-25_co-cultureA2780_15and20_Day6_FITC_Tile-0_B1.tif,180.27638888888887,4.094950992,12730.6,3.358855797
75-25_co-cultureA2780_15and20_Day6_FITC_Tile-0_B4.tif,109.38194444444444,2.484594376,8318.7,
75-25_co-cultureA2780_15and20_Day6_FITC_Tile-0_C1.tif,98.55833333333334,2.238737682,7119.3,2.504756434
75-25_co-cultureA2780_15and20_Day6_FITC_Tile-0_C4.tif,113.69722222222222,2.58261526,8019.9,2.254485592
75-25_co-cultureA2780_15and20_Day6_FITC_Tile-1_A1.tif,125.39583333333333,2.848347448,8360.0,1.99534702
75-25_co-cultureA2780_15and20_Day6_FITC_Tile-1_A4.tif,79.38125,1.803133125,5811.8,
75-25_co-cultureA2780_15and20_Day6_FITC_Tile-1_B1.tif,166.30416666666667,3.777574071,12352.1,
75-25_co-cultureA2780_15and20_Day6_FITC_Tile-1_B4.tif,127.92222222222222,2.90573399,9112.6,
75-25_co-cultureA2780_15and20_Day6_FITC_Tile-1_C1.tif,103.91041666666666,2.360309447,8105.3,
75-25_co-cultureA2780_15and20_Day6_FITC_Tile-1_C4.tif,96.62152777777777,2.194743435,6197.4,
75-25_co-cultureA2780_15and20_Day6_FITC_Tile-2_A1.tif,266.02152777777775,6.042638894,16475.2,
75-25_co-cultureA2780_15and20_Day6_FITC_Tile-2_A4.tif,178.03750000000002,4.044094969,10906.6,
75-25_co-cultureA2780_15and20_Day6_FITC_Tile-2_B1.tif,166.7923611111111,3.788663334,10630.6,
75-25_co-cultureA2780_15and20_Day6_FITC_Tile-2_B4.tif,105.26319444444444,2.391037591,8330.1,
75-25_co-cultureA2780_15and20_Day6_FITC_Tile-2_C1.tif,207.9361111111111,4.723237412,14621.4,
75-25_co-cultureA2780_15and20_Day6_FITC_Tile-2_C4.tif,39.75902777777778,0.903120321,3374.7,
75-25_co-cultureA2780_15and20_Day6_FITC_Tile-3_A1.tif,194.67013888888889,4.421902853,12525.7,
75-25_co-cultureA2780_15and20_Day6_FITC_Tile-3_A4.tif,165.94930555555555,3.769513455,12705.0,
75-25_co-cultureA2780_15and20_Day6_FITC_Tile-3_B1.tif,160.06319444444443,3.635811328,10792.8,
75-25_co-cultureA2780_15and20_Day6_FITC_Tile-3_B4.tif,81.87291666666667,1.859730958,6090.7,
75-25_co-cultureA2780_15and20_Day6_FITC_Tile-3_C1.tif,130.16805555555555,2.956747756,11346.3,
75-25_co-cultureA2780_15and20_Day6_FITC_Tile-3_C4.tif,112.0875,2.546050662,8005.7,
75-25_co-cultureA2780_15and20_Day6_FITC_Tile-4_A1.tif,322.2972222222222,7.320932808,17320.3,
75-25_co-cultureA2780_15and20_Day6_FITC_Tile-4_A4.tif,90.67569444444445,2.059684728,6770.8,
75-25_co-cultureA2780_15and20_Day6_FITC_Tile-4_B1.tif,179.85833333333332,4.085454923,14760.8,
75-25_co-cultureA2780_15and20_Day6_FITC_Tile-4_B4.tif,93.08333333333333,2.114373882,7782.3,
75-25_co-cultureA2780_15and20_Day6_FITC_Tile-4_C1.tif,139.92291666666668,3.178327955,10748.7,
75-25_co-cultureA2780_15and20_Day6_FITC_Tile-4_C4.tif,122.04652777777778,2.772268477,9159.5,
75-25_co-cultureA2780_15and20_Day6_FITC_Tile-5_A1.tif,195.52430555555554,4.44130512,12834.4,
75-25_co-cultureA2780_15and20_Day6_FITC_Tile-5_A4.tif,77.79652777777778,1.767136399,6096.4,
75-25_co-cultureA2780_15and20_Day6_FITC_Tile-5_B1.tif,75.69513888888889,1.719403667,6363.9,
75-25_co-cultureA2780_15and20_Day6_FITC_Tile-5_B4.tif,77.98611111111111,1.771442756,6423.6,
75-25_co-cultureA2780_15and20_Day6_FITC_Tile-5_C1.tif,206.72708333333333,4.695774529,12904.1,
75-25_co-cultureA2780_15and20_Day6_FITC_Tile-5_C4.tif,42.84791666666667,0.973283967,3773.1,
75-25_co-cultureA2780_15and20_Day7_FITC_Tile-0_A1.tif,283.06875,6.429863977,14925.8,5.305405327
75-25_co-cultureA2780_15and20_Day7_FITC_Tile-0_A4.tif,64.56180555555555,1.466511679,4993.8,2.927079113
75-25_co-cultureA2780_15and20_Day7_FITC_Tile-0_B1.tif,128.7798611111111,2.925215128,9501.0,3.866054193
75-25_co-cultureA2780_15and20_Day7_FITC_Tile-0_B4.tif,119.76249999999999,2.72038713,9001.6,
75-25_co-cultureA2780_15and20_Day7_FITC_Tile-0_C1.tif,181.42222222222222,4.120978424,13276.9,2.463675157
75-25_co-cultureA2780_15and20_Day7_FITC_Tile-0_C4.tif,139.39930555555554,3.166434208,8277.4,2.343168149
75-25_co-cultureA2780_15and20_Day7_FITC_Tile-1_A1.tif,286.1965277777778,6.500910977,13706.6,2.244093023
75-25_co-cultureA2780_15and20_Day7_FITC_Tile-1_A4.tif,82.79722222222222,1.880726419,5712.3,
75-25_co-cultureA2780_15and20_Day7_FITC_Tile-1_B1.tif,111.70833333333333,2.537437949,8650.2,
75-25_co-cultureA2780_15and20_Day7_FITC_Tile-1_B4.tif,143.22291666666666,3.253286958,8105.3,
75-25_co-cultureA2780_15and20_Day7_FITC_Tile-1_C1.tif,80.50902777777777,1.828750427,6824.8,
75-25_co-cultureA2780_15and20_Day7_FITC_Tile-1_C4.tif,110.07013888888889,2.500226609,6631.3,
75-25_co-cultureA2780_15and20_Day7_FITC_Tile-2_A1.tif,224.78680555555556,5.105998396,16065.4,
75-25_co-cultureA2780_15and20_Day7_FITC_Tile-2_A4.tif,202.0923611111111,4.590497512,12786.1,
75-25_co-cultureA2780_15and20_Day7_FITC_Tile-2_B1.tif,169.05555555555554,3.840071455,12999.5,
75-25_co-cultureA2780_15and20_Day7_FITC_Tile-2_B4.tif,113.91874999999999,2.58764723,8512.2,
75-25_co-cultureA2780_15and20_Day7_FITC_Tile-2_C1.tif,156.03194444444443,3.544242092,13076.3,
75-25_co-cultureA2780_15and20_Day7_FITC_Tile-2_C4.tif,73.50208333333333,1.669588741,6072.2,
75-25_co-cultureA2780_15and20_Day7_FITC_Tile-3_A1.tif,184.12430555555557,4.182355839,12660.9,
75-25_co-cultureA2780_15and20_Day7_FITC_Tile-3_A4.tif,158.49930555555557,3.600287828,11563.9,
75-25_co-cultureA2780_15and20_Day7_FITC_Tile-3_B1.tif,151.71319444444444,3.446142337,10356.0,
75-25_co-cultureA2780_15and20_Day7_FITC_Tile-3_B4.tif,70.56458333333333,1.602863871,5376.5,
75-25_co-cultureA2780_15and20_Day7_FITC_Tile-3_C1.tif,231.6638888888889,5.262210307,13998.2,
75-25_co-cultureA2780_15and20_Day7_FITC_Tile-3_C4.tif,59.993750000000006,1.362748986,5350.9,
75-25_co-cultureA2780_15and20_Day7_FITC_Tile-4_A1.tif,223.89375,5.085712774,13168.8,
75-25_co-cultureA2780_15and20_Day7_FITC_Tile-4_A4.tif,84.26249999999999,1.914009983,6893.1,
75-25_co-cultureA2780_15and20_Day7_FITC_Tile-4_B1.tif,174.56597222222223,3.965239739,14178.9,
75-25_co-cultureA2780_15and20_Day7_FITC_Tile-4_B4.tif,123.72291666666666,2.810347398,9580.7,
75-25_co-cultureA2780_15and20_Day7_FITC_Tile-4_C1.tif,208.64930555555554,4.739437517,16482.3,
75-25_co-cultureA2780_15and20_Day7_FITC_Tile-4_C4.tif,146.1048611111111,3.318749891,9897.9,
75-25_co-cultureA2780_15and20_Day7_FITC_Tile-5_A1.tif,199.32291666666666,4.527589999,13591.3,
75-25_co-cultureA2780_15and20_Day7_FITC_Tile-5_A4.tif,58.55277777777778,1.330017519,4979.5,
75-25_co-cultureA2780_15and20_Day7_FITC_Tile-5_B1.tif,37.34861111111111,0.84836807,3208.3,
75-25_co-cultureA2780_15and20_Day7_FITC_Tile-5_B4.tif,47.74305555555556,1.084476308,4175.7,
75-25_co-cultureA2780_15and20_Day7_FITC_Tile-5_C1.tif,162.92013888888889,3.700706391,11189.8,
75-25_co-cultureA2780_15and20_Day7_FITC_Tile-5_C4.tif,63.69444444444444,1.446809702,4558.4,
75-25_co-cultureA2780_15and20_Day8_FITC_Tile-0_A1.tif,323.71736111111113,7.353191049,18307.7,5.412959086
75-25_co-cultureA2780_15and20_Day8_FITC_Tile-0_A4.tif,164.2375,3.73063005,11309.3,4.647487071
75-25_co-cultureA2780_15and20_Day8_FITC_Tile-0_B1.tif,182.91875,4.154971827,13981.1,4.159977507
75-25_co-cultureA2780_15and20_Day8_FITC_Tile-0_B4.tif,206.44652777777776,4.689401751,13786.2,
75-25_co-cultureA2780_15and20_Day8_FITC_Tile-0_C1.tif,206.12986111111113,4.682208716,16061.2,4.165764009
75-25_co-cultureA2780_15and20_Day8_FITC_Tile-0_C4.tif,85.71388888888889,1.946978063,6876.0,3.562006471
75-25_co-cultureA2780_15and20_Day8_FITC_Tile-1_A1.tif,56.63402777777778,1.286433402,4057.6,3.295201638
75-25_co-cultureA2780_15and20_Day8_FITC_Tile-1_A4.tif,199.71666666666667,4.536533971,13033.6,
75-25_co-cultureA2780_15and20_Day8_FITC_Tile-1_B1.tif,332.00347222222223,7.541408814,17109.7,
75-25_co-cultureA2780_15and20_Day8_FITC_Tile-1_B4.tif,180.64166666666668,4.103248222,12380.6,
75-25_co-cultureA2780_15and20_Day8_FITC_Tile-1_C1.tif,137.26319444444445,3.117912766,11670.6,
75-25_co-cultureA2780_15and20_Day8_FITC_Tile-1_C4.tif,129.34930555555556,2.938149973,9314.6,
75-25_co-cultureA2780_15and20_Day8_FITC_Tile-2_A1.tif,413.10347222222225,9.383583086,25227.8,
75-25_co-cultureA2780_15and20_Day8_FITC_Tile-2_A4.tif,220.26736111111111,5.003339897,15638.6,
75-25_co-cultureA2780_15and20_Day8_FITC_Tile-2_B1.tif,355.2604166666667,8.0696868,21547.2,
75-25_co-cultureA2780_15and20_Day8_FITC_Tile-2_B4.tif,154.96041666666667,3.5199025,11558.2,
75-25_co-cultureA2780_15and20_Day8_FITC_Tile-2_C1.tif,154.92847222222224,3.519176887,13164.5,
75-25_co-cultureA2780_15and20_Day8_FITC_Tile-2_C4.tif,204.93541666666667,4.65507709,13379.3,
75-25_co-cultureA2780_15and20_Day8_FITC_Tile-3_A1.tif,214.6486111111111,4.875710838,13641.1,
75-25_co-cultureA2780_15and20_Day8_FITC_Tile-3_A4.tif,142.52708333333334,3.237481208,10539.6,
75-25_co-cultureA2780_15and20_Day8_FITC_Tile-3_B1.tif,100.58541666666666,2.284782574,8593.3,
75-25_co-cultureA2780_15and20_Day8_FITC_Tile-3_B4.tif,152.75694444444446,3.469850961,11066.0,
75-25_co-cultureA2780_15and20_Day8_FITC_Tile-3_C1.tif,254.76597222222225,5.786970647,15079.5,
75-25_co-cultureA2780_15and20_Day8_FITC_Tile-3_C4.tif,99.26111111111112,2.254701173,9038.6,
75-25_co-cultureA2780_15and20_Day8_FITC_Tile-4_A1.tif,339.025,7.700901758,23872.0,
75-25_co-cultureA2780_15and20_Day8_FITC_Tile-4_A4.tif,260.6166666666667,5.919868289,18730.2,
75-25_co-cultureA2780_15and20_Day8_FITC_Tile-4_B1.tif,192.59027777777777,4.374659122,15517.7,
75-25_co-cultureA2780_15and20_Day8_FITC_Tile-4_B4.tif,136.77083333333334,3.106728858,11080.2,
75-25_co-cultureA2780_15and20_Day8_FITC_Tile-4_C1.tif,239.77430555555554,5.446437199,17425.6,
75-25_co-cultureA2780_15and20_Day8_FITC_Tile-4_C4.tif,241.36319444444447,5.48252857,16795.3,
75-25_co-cultureA2780_15and20_Day8_FITC_Tile-5_A1.tif,82.67430555555556,1.877934385,7923.2,
75-25_co-cultureA2780_15and20_Day8_FITC_Tile-5_A4.tif,112.99791666666667,2.56673064,9878.0,
75-25_co-cultureA2780_15and20_Day8_FITC_Tile-5_B1.tif,64.24930555555555,1.459413288,6282.8,
75-25_co-cultureA2780_15and20_Day8_FITC_Tile-5_B4.tif,109.30763888888889,2.482906536,9690.2,
75-25_co-cultureA2780_15and20_Day8_FITC_Tile-5_C1.tif,105.97291666666666,2.407158824,8526.4,
75-25_co-cultureA2780_15and20_Day8_FITC_Tile-5_C4.tif,109.78611111111111,2.493774961,8472.3,
75-25_co-cultureA2780_15and20_Day9_FITC_Tile-0_A1.tif,396.54791666666665,9.007526137,19609.5,5.892655163
75-25_co-cultureA2780_15and20_Day9_FITC_Tile-0_A4.tif,243.9777777777778,5.541918436,14469.1,4.688689284
75-25_co-cultureA2780_15and20_Day9_FITC_Tile-0_B1.tif,170.7423611111111,3.878386989,11656.4,5.187853353
75-25_co-cultureA2780_15and20_Day9_FITC_Tile-0_B4.tif,176.05208333333334,3.998996529,12615.3,
75-25_co-cultureA2780_15and20_Day9_FITC_Tile-0_C1.tif,259.84722222222223,5.902390474,13840.3,3.405339738
75-25_co-cultureA2780_15and20_Day9_FITC_Tile-0_C4.tif,244.6277777777778,5.556683088,14645.6,3.661147324
75-25_co-cultureA2780_15and20_Day9_FITC_Tile-1_A1.tif,86.88055555555555,1.97347872,5841.7,3.625479227
75-25_co-cultureA2780_15and20_Day9_FITC_Tile-1_A4.tif,83.41527777777777,1.894765458,6577.3,
75-25_co-cultureA2780_15and20_Day9_FITC_Tile-1_B1.tif,413.08194444444445,9.383094086,17722.9,
75-25_co-cultureA2780_15and20_Day9_FITC_Tile-1_B4.tif,140.85069444444446,3.199402288,9890.8,
75-25_co-cultureA2780_15and20_Day9_FITC_Tile-1_C1.tif,208.6673611111111,4.739847646,15674.2,
75-25_co-cultureA2780_15and20_Day9_FITC_Tile-1_C4.tif,155.8777777777778,3.54074022,9327.4,
75-25_co-cultureA2780_15and20_Day9_FITC_Tile-2_A1.tif,319.07500000000005,7.247740516,20670.8,
75-25_co-cultureA2780_15and20_Day9_FITC_Tile-2_A4.tif,228.4798611111111,5.189885596,14883.2,
75-25_co-cultureA2780_15and20_Day9_FITC_Tile-2_B1.tif,193.25069444444443,4.389660387,15080.9,
75-25_co-cultureA2780_15and20_Day9_FITC_Tile-2_B4.tif,143.78194444444443,3.265985189,11815.8,
75-25_co-cultureA2780_15and20_Day9_FITC_Tile-2_C1.tif,194.21319444444444,4.411523429,16284.5,
75-25_co-cultureA2780_15and20_Day9_FITC_Tile-2_C4.tif,84.21319444444445,1.912890015,7465.1,
75-25_co-cultureA2780_15and20_Day9_FITC_Tile-3_A1.tif,337.62291666666664,7.669053647,17684.5,
75-25_co-cultureA2780_15and20_Day9_FITC_Tile-3_A4.tif,173.54305555555555,3.942004341,13644.0,
75-25_co-cultureA2780_15and20_Day9_FITC_Tile-3_B1.tif,150.58194444444445,3.420446164,11849.9,
75-25_co-cultureA2780_15and20_Day9_FITC_Tile-3_B4.tif,130.36458333333334,2.961211855,9656.1,
75-25_co-cultureA2780_15and20_Day9_FITC_Tile-3_C1.tif,248.08194444444447,5.635143963,15092.3,
75-25_co-cultureA2780_15and20_Day9_FITC_Tile-3_C4.tif,183.15069444444444,4.16024041,11844.2,
75-25_co-cultureA2780_15and20_Day9_FITC_Tile-4_A1.tif,288.98333333333335,6.564212845,20558.4,
75-25_co-cultureA2780_15and20_Day9_FITC_Tile-4_A4.tif,120.78194444444443,2.743543657,9603.4,
75-25_co-cultureA2780_15and20_Day9_FITC_Tile-4_B1.tif,216.3875,4.915209437,17535.1,
75-25_co-cultureA2780_15and20_Day9_FITC_Tile-4_B4.tif,232.9430555555556,5.291266385,15541.9,
75-25_co-cultureA2780_15and20_Day9_FITC_Tile-4_C1.tif,360.4576388888889,8.187740919,21332.4,
75-25_co-cultureA2780_15and20_Day9_FITC_Tile-4_C4.tif,192.39999999999998,4.370336991,13379.3,
75-25_co-cultureA2780_15and20_Day9_FITC_Tile-5_A1.tif,127.40208333333334,2.893919114,10172.5,
75-25_co-cultureA2780_15and20_Day9_FITC_Tile-5_A4.tif,49.30347222222222,1.119920938,4468.8,
75-25_co-cultureA2780_15and20_Day9_FITC_Tile-5_B1.tif,94.44652777777777,2.145338638,6126.3,
75-25_co-cultureA2780_15and20_Day9_FITC_Tile-5_B4.tif,143.07916666666668,3.250021698,10960.7,
75-25_co-cultureA2780_15and20_Day9_FITC_Tile-5_C1.tif,99.07499999999999,2.250473687,7657.1,
75-25_co-cultureA2780_15and20_Day9_FITC_Tile-5_C4.tif,97.38055555555555,2.211984637,7019.7,
75-27_co-cultureA2780_15and20_Day1_FITC_Tile-0_A1.tif,21.049999999999997,0.478147576,1428.4,0.511791318
75-27_co-cultureA2780_15and20_Day1_FITC_Tile-0_A4.tif,3.700416666666667,0.084054407,271.74,0.552564998
75-27_co-cultureA2780_15and20_Day1_FITC_Tile-0_B1.tif,20.083333333333332,0.456189889,1311.8,0.394554828
75-27_co-cultureA2780_15and20_Day1_FITC_Tile-0_B4.tif,9.646527777777777,0.219119424,628.85,
75-27_co-cultureA2780_15and20_Day1_FITC_Tile-0_C1.tif,13.666666666666666,0.310436273,789.61,0.285514613
75-27_co-cultureA2780_15and20_Day1_FITC_Tile-0_C4.tif,5.390694444444445,0.122448812,365.64,0.256591038
75-27_co-cultureA2780_15and20_Day1_FITC_Tile-1_A1.tif,11.64236111111111,0.264454477,865.02,0.152463698
75-27_co-cultureA2780_15and20_Day1_FITC_Tile-1_A4.tif,9.618055555555555,0.218472682,677.22,
75-27_co-cultureA2780_15and20_Day1_FITC_Tile-1_B1.tif,23.913888888888888,0.54320038,1565.0,
75-27_co-cultureA2780_15and20_Day1_FITC_Tile-1_B4.tif,11.9375,0.271158513,711.36,
75-27_co-cultureA2780_15and20_Day1_FITC_Tile-1_C1.tif,13.979166666666666,0.317534663,1013.0,
75-27_co-cultureA2780_15and20_Day1_FITC_Tile-1_C4.tif,9.902777777777779,0.224940104,617.46,
75-27_co-cultureA2780_15and20_Day1_FITC_Tile-2_A1.tif,27.68472222222222,0.628854291,1748.5,
75-27_co-cultureA2780_15and20_Day1_FITC_Tile-2_A4.tif,10.113888888888889,0.229735461,594.7,
75-27_co-cultureA2780_15and20_Day1_FITC_Tile-2_B1.tif,22.279861111111114,0.506083686,1306.1,
75-27_co-cultureA2780_15and20_Day1_FITC_Tile-2_B4.tif,17.289583333333333,0.392730279,2081.5,
75-27_co-cultureA2780_15and20_Day1_FITC_Tile-2_C1.tif,13.051388888888889,0.296460331,933.31,
75-27_co-cultureA2780_15and20_Day1_FITC_Tile-2_C4.tif,4.888194444444444,0.1110346,371.33,
75-27_co-cultureA2780_15and20_Day1_FITC_Tile-3_A1.tif,13.097222222222221,0.297501428,813.8,
75-27_co-cultureA2780_15and20_Day1_FITC_Tile-3_A4.tif,19.577083333333334,0.444690496,1230.7,
75-27_co-cultureA2780_15and20_Day1_FITC_Tile-3_B1.tif,14.144444444444444,0.321288923,920.51,
75-27_co-cultureA2780_15and20_Day1_FITC_Tile-3_B4.tif,13.578472222222222,0.308432949,836.56,
75-27_co-cultureA2780_15and20_Day1_FITC_Tile-3_C1.tif,14.316666666666666,0.325200925,980.26,
75-27_co-cultureA2780_15and20_Day1_FITC_Tile-3_C4.tif,8.70138888888889,0.197650737,627.42,
75-27_co-cultureA2780_15and20_Day1_FITC_Tile-4_A1.tif,41.829166666666666,0.950143214,2593.6,
75-27_co-cultureA2780_15and20_Day1_FITC_Tile-4_A4.tif,11.7375,0.266615543,717.05,
75-27_co-cultureA2780_15and20_Day1_FITC_Tile-4_B1.tif,43.49097222222222,0.987890877,2482.7,
75-27_co-cultureA2780_15and20_Day1_FITC_Tile-4_B4.tif,8.15625,0.185267989,570.51,
75-27_co-cultureA2780_15and20_Day1_FITC_Tile-4_C1.tif,31.131944444444443,0.707157424,2050.2,
75-27_co-cultureA2780_15and20_Day1_FITC_Tile-4_C4.tif,8.02986111111111,0.182397084,556.29,
75-27_co-cultureA2780_15and20_Day1_FITC_Tile-5_A1.tif,19.883333333333333,0.451646919,1267.7,
75-27_co-cultureA2780_15and20_Day1_FITC_Tile-5_A4.tif,20.67013888888889,0.469519088,1250.6,
75-27_co-cultureA2780_15and20_Day1_FITC_Tile-5_B1.tif,22.044444444444444,0.500736232,1461.1,
75-27_co-cultureA2780_15and20_Day1_FITC_Tile-5_B4.tif,7.168749999999999,0.162837075,451.0,
75-27_co-cultureA2780_15and20_Day1_FITC_Tile-5_C1.tif,18.07361111111111,0.410539351,1250.6,
75-27_co-cultureA2780_15and20_Day1_FITC_Tile-5_C4.tif,3.359513888888889,0.076310851,240.44,
