Image,Area µm^2,Confluency %,Perimeter µm,
75-25_co-cultureA2780_15and20_Day10_TX RED_Tile-0_A1.tif,590887.3,93.2077495,20289.5,90.8332275
75-25_co-cultureA2780_15and20_Day10_TX RED_Tile-0_A4.tif,605257.3,95.47450216,20103.1,90.70447585
75-25_co-cultureA2780_15and20_Day10_TX RED_Tile-0_B1.tif,569957.1,89.90617772,31082.3,86.9404597
75-25_co-cultureA2780_15and20_Day10_TX RED_Tile-0_B4.tif,576714.2,90.97205624,28649.5,
75-25_co-cultureA2780_15and20_Day10_TX RED_Tile-0_C1.tif,559074.2,88.18948721,36303.8,92.64270974
75-25_co-cultureA2780_15and20_Day10_TX RED_Tile-0_C4.tif,562098.3,88.66651482,32099.6,86.98879185
75-25_co-cultureA2780_15and20_Day10_TX RED_Tile-1_A1.tif,370901.6,58.50676334,44914.1,86.47531795
75-25_co-cultureA2780_15and20_Day10_TX RED_Tile-1_A4.tif,561308.9,88.54199328,38518.9,
75-25_co-cultureA2780_15and20_Day10_TX RED_Tile-1_B1.tif,520796.4,82.15147016,41024.4,
75-25_co-cultureA2780_15and20_Day10_TX RED_Tile-1_B4.tif,529293.3,83.49178823,43519.8,
75-25_co-cultureA2780_15and20_Day10_TX RED_Tile-1_C1.tif,520384,82.08641735,45456.2,
75-25_co-cultureA2780_15and20_Day10_TX RED_Tile-1_C4.tif,484541.8,76.43259674,48946.1,
75-25_co-cultureA2780_15and20_Day10_TX RED_Tile-2_A1.tif,631822.8,99.66499749,4268.2,
75-25_co-cultureA2780_15and20_Day10_TX RED_Tile-2_A4.tif,593583.5,93.63305351,26055.8,
75-25_co-cultureA2780_15and20_Day10_TX RED_Tile-2_B1.tif,592147.9,93.40659908,24065.4,
75-25_co-cultureA2780_15and20_Day10_TX RED_Tile-2_B4.tif,563213.6,88.84244448,33617.6,
75-25_co-cultureA2780_15and20_Day10_TX RED_Tile-2_C1.tif,583382.3,92.02389573,26976.3,
75-25_co-cultureA2780_15and20_Day10_TX RED_Tile-2_C4.tif,556555.1,87.79211932,34633.5,
75-25_co-cultureA2780_15and20_Day10_TX RED_Tile-3_A1.tif,632737.3,99.80925256,4336.5,
75-25_co-cultureA2780_15and20_Day10_TX RED_Tile-3_A4.tif,576625.1,90.95800143,35595.2,
75-25_co-cultureA2780_15and20_Day10_TX RED_Tile-3_B1.tif,582410.7,91.87063359,27670.6,
75-25_co-cultureA2780_15and20_Day10_TX RED_Tile-3_B4.tif,496446.3,78.31043648,58491.2,
75-25_co-cultureA2780_15and20_Day10_TX RED_Tile-3_C1.tif,556721.1,87.81830449,35455.8,
75-25_co-cultureA2780_15and20_Day10_TX RED_Tile-3_C4.tif,538282.1,84.9096996,41693,
75-25_co-cultureA2780_15and20_Day10_TX RED_Tile-4_A1.tif,625857.1,98.72395599,8438.2,
75-25_co-cultureA2780_15and20_Day10_TX RED_Tile-4_A4.tif,593571.4,93.63114483,24041.3,
75-25_co-cultureA2780_15and20_Day10_TX RED_Tile-4_B1.tif,593299.1,93.58819168,22493.3,
75-25_co-cultureA2780_15and20_Day10_TX RED_Tile-4_B4.tif,573364.2,90.44362051,32661.6,
75-25_co-cultureA2780_15and20_Day10_TX RED_Tile-4_C1.tif,546966.2,86.27954697,37140.3,
75-25_co-cultureA2780_15and20_Day10_TX RED_Tile-4_C4.tif,583112.6,91.98135271,28254,
75-25_co-cultureA2780_15and20_Day10_TX RED_Tile-5_A1.tif,602798.5,95.08664611,18956.4,
75-25_co-cultureA2780_15and20_Day10_TX RED_Tile-5_A4.tif,593485.3,93.61756324,29303.9,
75-25_co-cultureA2780_15and20_Day10_TX RED_Tile-5_B1.tif,591496.1,93.30378284,24165,
75-25_co-cultureA2780_15and20_Day10_TX RED_Tile-5_B4.tif,569743,89.87240515,31088,
75-25_co-cultureA2780_15and20_Day10_TX RED_Tile-5_C1.tif,540408.4,85.24510643,40867.9,
75-25_co-cultureA2780_15and20_Day10_TX RED_Tile-5_C4.tif,564653.8,89.06962452,34401.6,
75-25_co-cultureA2780_15and20_Day12_TX RED_Tile-0_A1.tif,591190.5,93.25557688,22260,92.73268578
75-25_co-cultureA2780_15and20_Day12_TX RED_Tile-0_A4.tif,563575.4,88.89951554,35287.9,87.8064791
75-25_co-cultureA2780_15and20_Day12_TX RED_Tile-0_B1.tif,549978.1,86.75465013,34098.5,87.21499652
75-25_co-cultureA2780_15and20_Day12_TX RED_Tile-0_B4.tif,601254,94.84301358,19498.5,
75-25_co-cultureA2780_15and20_Day12_TX RED_Tile-0_C1.tif,583695,92.07322165,31408.1,93.01999445
75-25_co-cultureA2780_15and20_Day12_TX RED_Tile-0_C4.tif,551325.2,86.96714439,35091.6,93.19760144
75-25_co-cultureA2780_15and20_Day12_TX RED_Tile-1_A1.tif,476986.6,75.24082431,41654.6,88.75029949
75-25_co-cultureA2780_15and20_Day12_TX RED_Tile-1_A4.tif,581728,91.76294312,29830.3,
75-25_co-cultureA2780_15and20_Day12_TX RED_Tile-1_B1.tif,492214.8,77.64295117,52855.8,
75-25_co-cultureA2780_15and20_Day12_TX RED_Tile-1_B4.tif,565714.9,89.23700457,33910.7,
75-25_co-cultureA2780_15and20_Day12_TX RED_Tile-1_C1.tif,542493.3,85.57398274,39201.8,
75-25_co-cultureA2780_15and20_Day12_TX RED_Tile-1_C4.tif,559700.2,88.28823371,35586.7,
75-25_co-cultureA2780_15and20_Day12_TX RED_Tile-2_A1.tif,630214.1,99.41123792,5407.8,
75-25_co-cultureA2780_15and20_Day12_TX RED_Tile-2_A4.tif,629222.3,99.2547894,6423.6,
75-25_co-cultureA2780_15and20_Day12_TX RED_Tile-2_B1.tif,599143.9,94.51016217,19812.9,
75-25_co-cultureA2780_15and20_Day12_TX RED_Tile-2_B4.tif,625282.8,98.63336476,8653,
75-25_co-cultureA2780_15and20_Day12_TX RED_Tile-2_C1.tif,561466.2,88.5668061,33714.4,
75-25_co-cultureA2780_15and20_Day12_TX RED_Tile-2_C4.tif,629878.6,99.35831548,5525.9,
75-25_co-cultureA2780_15and20_Day12_TX RED_Tile-3_A1.tif,622553.7,98.20287104,10104.2,
75-25_co-cultureA2780_15and20_Day12_TX RED_Tile-3_A4.tif,583771.4,92.08527314,26578,
75-25_co-cultureA2780_15and20_Day12_TX RED_Tile-3_B1.tif,579069.8,91.34363332,28152.9,
75-25_co-cultureA2780_15and20_Day12_TX RED_Tile-3_B4.tif,591635.8,93.3258194,27222.5,
75-25_co-cultureA2780_15and20_Day12_TX RED_Tile-3_C1.tif,515252.2,81.27691691,50637.7,
75-25_co-cultureA2780_15and20_Day12_TX RED_Tile-3_C4.tif,510081.5,80.46128031,44124.5,
75-25_co-cultureA2780_15and20_Day12_TX RED_Tile-4_A1.tif,603879.9,95.25722832,21000.9,
75-25_co-cultureA2780_15and20_Day12_TX RED_Tile-4_A4.tif,597255.3,94.21225061,20914.1,
75-25_co-cultureA2780_15and20_Day12_TX RED_Tile-4_B1.tif,552996.2,87.23073128,36742,
75-25_co-cultureA2780_15and20_Day12_TX RED_Tile-4_B4.tif,595754.4,93.97549563,27312.1,
75-25_co-cultureA2780_15and20_Day12_TX RED_Tile-4_C1.tif,557916.9,88.00693239,34361.7,
75-25_co-cultureA2780_15and20_Day12_TX RED_Tile-4_C4.tif,589718.4,93.02336487,25788.4,
75-25_co-cultureA2780_15and20_Day12_TX RED_Tile-5_A1.tif,602429.1,95.02837622,18822.7,
75-25_co-cultureA2780_15and20_Day12_TX RED_Tile-5_A4.tif,582629.8,91.90519487,30042.3,
75-25_co-cultureA2780_15and20_Day12_TX RED_Tile-5_B1.tif,566474,89.35674653,31815,
75-25_co-cultureA2780_15and20_Day12_TX RED_Tile-5_B4.tif,565295.9,89.17091067,35185.5,
75-25_co-cultureA2780_15and20_Day12_TX RED_Tile-5_C1.tif,556555.1,87.79211932,37662.5,
75-25_co-cultureA2780_15and20_Day12_TX RED_Tile-5_C4.tif,535072.8,84.40345817,38622.8,
75-25_co-cultureA2780_15and20_Day14_TX RED_Tile-0_A1.tif,561703.1,88.60417518,31203.3,91.24725032
75-25_co-cultureA2780_15and20_Day14_TX RED_Tile-0_A4.tif,562085.6,88.6645115,38896,89.62805752
75-25_co-cultureA2780_15and20_Day14_TX RED_Tile-0_B1.tif,564142.2,88.98892371,35078.8,83.1547698
75-25_co-cultureA2780_15and20_Day14_TX RED_Tile-0_B4.tif,596500.8,94.09323427,21927.1,
75-25_co-cultureA2780_15and20_Day14_TX RED_Tile-0_C1.tif,533586,84.16892735,48226.2,91.23878746
75-25_co-cultureA2780_15and20_Day14_TX RED_Tile-0_C4.tif,592030.5,93.38808017,22863.2,90.37027837
75-25_co-cultureA2780_15and20_Day14_TX RED_Tile-1_A1.tif,452785.8,71.42334151,51711.9,93.23630607
75-25_co-cultureA2780_15and20_Day14_TX RED_Tile-1_A4.tif,562541.1,88.73636298,39006.9,
75-25_co-cultureA2780_15and20_Day14_TX RED_Tile-1_B1.tif,519427.1,81.93547403,46133.4,
75-25_co-cultureA2780_15and20_Day14_TX RED_Tile-1_B4.tif,555363.9,87.60421704,39460.8,
75-25_co-cultureA2780_15and20_Day14_TX RED_Tile-1_C1.tif,506989.6,79.9735578,47674.2,
75-25_co-cultureA2780_15and20_Day14_TX RED_Tile-1_C4.tif,574785.7,90.66785078,33613.4,
75-25_co-cultureA2780_15and20_Day14_TX RED_Tile-2_A1.tif,629913.6,99.36383645,6166.1,
75-25_co-cultureA2780_15and20_Day14_TX RED_Tile-2_A4.tif,618962.9,97.63645104,10980.6,
75-25_co-cultureA2780_15and20_Day14_TX RED_Tile-2_B1.tif,593063.8,93.55107498,22755.1,
75-25_co-cultureA2780_15and20_Day14_TX RED_Tile-2_B4.tif,614665.1,96.95850743,14740.9,
75-25_co-cultureA2780_15and20_Day14_TX RED_Tile-2_C1.tif,541499,85.41713986,40678.6,
75-25_co-cultureA2780_15and20_Day14_TX RED_Tile-2_C4.tif,610760.5,96.34258799,14262.8,
75-25_co-cultureA2780_15and20_Day14_TX RED_Tile-3_A1.tif,621527.5,98.04099619,12147.3,
75-25_co-cultureA2780_15and20_Day14_TX RED_Tile-3_A4.tif,566283.2,89.32664935,34828.4,
75-25_co-cultureA2780_15and20_Day14_TX RED_Tile-3_B1.tif,565501.4,89.20332665,31833.5,
75-25_co-cultureA2780_15and20_Day14_TX RED_Tile-3_B4.tif,533727.2,84.19120052,45362.3,
75-25_co-cultureA2780_15and20_Day14_TX RED_Tile-3_C1.tif,481162.4,75.89952339,54898.8,
75-25_co-cultureA2780_15and20_Day14_TX RED_Tile-3_C4.tif,564900.7,89.10857102,34317.6,
75-25_co-cultureA2780_15and20_Day14_TX RED_Tile-4_A1.tif,614907,96.99666522,14614.3,
75-25_co-cultureA2780_15and20_Day14_TX RED_Tile-4_A4.tif,597325.7,94.22335565,23405.3,
75-25_co-cultureA2780_15and20_Day14_TX RED_Tile-4_B1.tif,575780.1,90.82470943,32264.6,
75-25_co-cultureA2780_15and20_Day14_TX RED_Tile-4_B4.tif,581749.3,91.76630303,31002.7,
75-25_co-cultureA2780_15and20_Day14_TX RED_Tile-4_C1.tif,562412.5,88.71607736,35482.8,
75-25_co-cultureA2780_15and20_Day14_TX RED_Tile-4_C4.tif,615643.3,97.11281067,15251.6,
75-25_co-cultureA2780_15and20_Day14_TX RED_Tile-5_A1.tif,589915.7,93.05448737,26868.2,
75-25_co-cultureA2780_15and20_Day14_TX RED_Tile-5_A4.tif,563232.3,88.84539426,36988.1,
75-25_co-cultureA2780_15and20_Day14_TX RED_Tile-5_B1.tif,591249.2,93.26483634,25657.5,
75-25_co-cultureA2780_15and20_Day14_TX RED_Tile-5_B4.tif,555389.2,87.60820791,41786.9,
75-25_co-cultureA2780_15and20_Day14_TX RED_Tile-5_C1.tif,537291.2,84.75339304,41297.5,
75-25_co-cultureA2780_15and20_Day14_TX RED_Tile-5_C4.tif,588289.3,92.79793576,23950.2,
75-25_co-cultureA2780_15and20_Day16_TX RED_Tile-0_A1.tif,538911.6,85.00899819,35300.7,86.49000373
75-25_co-cultureA2780_15and20_Day16_TX RED_Tile-0_A4.tif,543034.8,85.65940004,41290.4,83.83278439
75-25_co-cultureA2780_15and20_Day16_TX RED_Tile-0_B1.tif,570467.2,89.98664191,27484.3,88.28213435
75-25_co-cultureA2780_15and20_Day16_TX RED_Tile-0_B4.tif,610822.2,96.35232067,19600.9,
75-25_co-cultureA2780_15and20_Day16_TX RED_Tile-0_C1.tif,560545.2,88.42152571,34825.5,90.35631031
75-25_co-cultureA2780_15and20_Day16_TX RED_Tile-0_C4.tif,625535.3,98.67319461,8049.8,94.60337718
75-25_co-cultureA2780_15and20_Day16_TX RED_Tile-1_A1.tif,387020,61.04931213,60084.7,97.50802275
75-25_co-cultureA2780_15and20_Day16_TX RED_Tile-1_A4.tif,544914.7,85.95593924,45025.1,
75-25_co-cultureA2780_15and20_Day16_TX RED_Tile-1_B1.tif,524499.1,82.73554149,46124.8,
75-25_co-cultureA2780_15and20_Day16_TX RED_Tile-1_B4.tif,565081.9,89.13715388,34720.3,
75-25_co-cultureA2780_15and20_Day16_TX RED_Tile-1_C1.tif,555292.6,87.59297003,38767.9,
75-25_co-cultureA2780_15and20_Day16_TX RED_Tile-1_C4.tif,621849.8,98.09183644,9091.2,
75-25_co-cultureA2780_15and20_Day16_TX RED_Tile-2_A1.tif,608226.2,95.94282241,17631.9,
75-25_co-cultureA2780_15and20_Day16_TX RED_Tile-2_A4.tif,599291.1,94.53338179,20427.5,
75-25_co-cultureA2780_15and20_Day16_TX RED_Tile-2_B1.tif,484225,76.38262407,45769.2,
75-25_co-cultureA2780_15and20_Day16_TX RED_Tile-2_B4.tif,629117,99.23817917,6230.1,
75-25_co-cultureA2780_15and20_Day16_TX RED_Tile-2_C1.tif,565569.2,89.21402156,34717.4,
75-25_co-cultureA2780_15and20_Day16_TX RED_Tile-2_C4.tif,617835.9,97.45867579,9715.8,
75-25_co-cultureA2780_15and20_Day16_TX RED_Tile-3_A1.tif,594652.8,93.80172704,24212,
75-25_co-cultureA2780_15and20_Day16_TX RED_Tile-3_A4.tif,559592.9,88.27130799,34316.2,
75-25_co-cultureA2780_15and20_Day16_TX RED_Tile-3_B1.tif,473716.6,74.72500795,49748.5,
75-25_co-cultureA2780_15and20_Day16_TX RED_Tile-3_B4.tif,596061.6,94.02395398,22794.9,
75-25_co-cultureA2780_15and20_Day16_TX RED_Tile-3_C1.tif,529959.8,83.59692328,44855.8,
75-25_co-cultureA2780_15and20_Day16_TX RED_Tile-3_C4.tif,607860.4,95.88512039,14392.3,
75-25_co-cultureA2780_15and20_Day16_TX RED_Tile-4_A1.tif,588309.1,92.80105906,22997,
75-25_co-cultureA2780_15and20_Day16_TX RED_Tile-4_A4.tif,617087,97.3405428,13063.5,
75-25_co-cultureA2780_15and20_Day16_TX RED_Tile-4_B1.tif,560125.2,88.35527406,37649.7,
75-25_co-cultureA2780_15and20_Day16_TX RED_Tile-4_B4.tif,607893.3,95.8903101,19852.7,
75-25_co-cultureA2780_15and20_Day16_TX RED_Tile-4_C1.tif,569602.8,89.85028972,33183.7,
75-25_co-cultureA2780_15and20_Day16_TX RED_Tile-4_C4.tif,625345,98.64317631,7368.3,
75-25_co-cultureA2780_15and20_Day16_TX RED_Tile-5_A1.tif,572682.6,90.33610356,30997,
75-25_co-cultureA2780_15and20_Day16_TX RED_Tile-5_A4.tif,572943.7,90.37729,31896.1,
75-25_co-cultureA2780_15and20_Day16_TX RED_Tile-5_B1.tif,575697.1,90.81161684,33234.9,
75-25_co-cultureA2780_15and20_Day16_TX RED_Tile-5_B4.tif,589433,92.9783453,25954.8,
75-25_co-cultureA2780_15and20_Day16_TX RED_Tile-5_C1.tif,576999.6,91.01707581,29931.4,
75-25_co-cultureA2780_15and20_Day16_TX RED_Tile-5_C4.tif,610466,96.29613296,13598.4,
75-25_co-cultureA2780_15and20_Day18_TX RED_Tile-0_A1.tif,456826.5,72.06072965,52823,73.10676686
75-25_co-cultureA2780_15and20_Day18_TX RED_Tile-0_A4.tif,523566.5,82.5884313,47170.5,80.60117644
75-25_co-cultureA2780_15and20_Day18_TX RED_Tile-0_B1.tif,522719.9,82.45488691,41217.9,83.50794364
75-25_co-cultureA2780_15and20_Day18_TX RED_Tile-0_B4.tif,564025.8,88.97056254,37148.9,
75-25_co-cultureA2780_15and20_Day18_TX RED_Tile-0_C1.tif,560386.4,88.39647628,38499,87.03911944
75-25_co-cultureA2780_15and20_Day18_TX RED_Tile-0_C4.tif,599316.4,94.53737267,23785.2,90.84573644
75-25_co-cultureA2780_15and20_Day18_TX RED_Tile-1_A1.tif,433489,68.37942553,57306.1,92.98775987
75-25_co-cultureA2780_15and20_Day18_TX RED_Tile-1_A4.tif,536175.4,84.57738451,47246,
75-25_co-cultureA2780_15and20_Day18_TX RED_Tile-1_B1.tif,562744.5,88.76844771,34731.6,
75-25_co-cultureA2780_15and20_Day18_TX RED_Tile-1_B4.tif,539206.6,85.05553208,47570.3,
75-25_co-cultureA2780_15and20_Day18_TX RED_Tile-1_C1.tif,588656.2,92.85581131,23012.6,
75-25_co-cultureA2780_15and20_Day18_TX RED_Tile-1_C4.tif,596482.6,94.09036336,20801.7,
75-25_co-cultureA2780_15and20_Day18_TX RED_Tile-2_A1.tif,250680.5,39.54284556,54608.6,
75-25_co-cultureA2780_15and20_Day18_TX RED_Tile-2_A4.tif,596457.8,94.08645136,20734.8,
75-25_co-cultureA2780_15and20_Day18_TX RED_Tile-2_B1.tif,527695.7,83.2397796,38332.6,
75-25_co-cultureA2780_15and20_Day18_TX RED_Tile-2_B4.tif,621820.5,98.0872146,9286.1,
75-25_co-cultureA2780_15and20_Day18_TX RED_Tile-2_C1.tif,386104.1,60.90483623,54924.4,
75-25_co-cultureA2780_15and20_Day18_TX RED_Tile-2_C4.tif,626999.8,98.90420778,7399.6,
75-25_co-cultureA2780_15and20_Day18_TX RED_Tile-3_A1.tif,538081.7,84.8780881,33651.8,
75-25_co-cultureA2780_15and20_Day18_TX RED_Tile-3_A4.tif,545963.7,86.12141061,43606.6,
75-25_co-cultureA2780_15and20_Day18_TX RED_Tile-3_B1.tif,445733.1,70.31083445,58916.6,
75-25_co-cultureA2780_15and20_Day18_TX RED_Tile-3_B4.tif,558396.6,88.08260123,38107.8,
75-25_co-cultureA2780_15and20_Day18_TX RED_Tile-3_C1.tif,573132.5,90.40707169,23164.9,
75-25_co-cultureA2780_15and20_Day18_TX RED_Tile-3_C4.tif,573054.5,90.39476781,28726.3,
75-25_co-cultureA2780_15and20_Day18_TX RED_Tile-4_A1.tif,567252.8,89.479596,31144.9,
75-25_co-cultureA2780_15and20_Day18_TX RED_Tile-4_A4.tif,570111.4,89.93051731,30166.1,
75-25_co-cultureA2780_15and20_Day18_TX RED_Tile-4_B1.tif,546159.6,86.15231227,37406.4,
75-25_co-cultureA2780_15and20_Day18_TX RED_Tile-4_B4.tif,592529.4,93.46677765,25210.7,
75-25_co-cultureA2780_15and20_Day18_TX RED_Tile-4_C1.tif,545722.9,86.08342633,40119.5,
75-25_co-cultureA2780_15and20_Day18_TX RED_Tile-4_C4.tif,602195.8,94.99157501,20761.9,
75-25_co-cultureA2780_15and20_Day18_TX RED_Tile-5_A1.tif,534416.4,84.29991631,40954.7,
75-25_co-cultureA2780_15and20_Day18_TX RED_Tile-5_A4.tif,538414.1,84.93052154,40112.4,
75-25_co-cultureA2780_15and20_Day18_TX RED_Tile-5_B1.tif,460757.4,72.68079771,51571,
75-25_co-cultureA2780_15and20_Day18_TX RED_Tile-5_B4.tif,579501.5,91.41173054,28242.6,
75-25_co-cultureA2780_15and20_Day18_TX RED_Tile-5_C1.tif,522372.2,82.40004002,45208.6,
75-25_co-cultureA2780_15and20_Day18_TX RED_Tile-5_C4.tif,538907,85.00827258,40482.3,
75-25_co-cultureA2780_15and20_Day2_TX RED_Tile-0_A1.tif,16892.6,2.664672653,6398,5.819978162
75-25_co-cultureA2780_15and20_Day2_TX RED_Tile-0_A4.tif,25039.3,3.949749474,8704.3,7.33063657
75-25_co-cultureA2780_15and20_Day2_TX RED_Tile-0_B1.tif,38071.3,6.005443328,13827.5,6.052968367
75-25_co-cultureA2780_15and20_Day2_TX RED_Tile-0_B4.tif,31769.1,5.011321642,11262.3,
75-25_co-cultureA2780_15and20_Day2_TX RED_Tile-0_C1.tif,40346.5,6.364337946,14291.3,4.623060721
75-25_co-cultureA2780_15and20_Day2_TX RED_Tile-0_C4.tif,21521.3,3.394813088,7634.4,4.762578269
75-25_co-cultureA2780_15and20_Day2_TX RED_Tile-1_A1.tif,15209.5,2.399177078,5173,3.558136535
75-25_co-cultureA2780_15and20_Day2_TX RED_Tile-1_A4.tif,22631.1,3.569875169,8819.5,
75-25_co-cultureA2780_15and20_Day2_TX RED_Tile-1_B1.tif,38429.6,6.06196229,13264.1,
75-25_co-cultureA2780_15and20_Day2_TX RED_Tile-1_B4.tif,36187.8,5.708336255,12804.6,
75-25_co-cultureA2780_15and20_Day2_TX RED_Tile-1_C1.tif,27141.9,4.281417821,10048.7,
75-25_co-cultureA2780_15and20_Day2_TX RED_Tile-1_C4.tif,27821,4.388540419,9836.7,
75-25_co-cultureA2780_15and20_Day2_TX RED_Tile-2_A1.tif,42027,6.629423391,13676.7,
75-25_co-cultureA2780_15and20_Day2_TX RED_Tile-2_A4.tif,22720.1,3.583914207,8056.9,
75-25_co-cultureA2780_15and20_Day2_TX RED_Tile-2_B1.tif,72761.8,11.47759247,23561.8,
75-25_co-cultureA2780_15and20_Day2_TX RED_Tile-2_B4.tif,35405.5,5.584934682,12029.2,
75-25_co-cultureA2780_15and20_Day2_TX RED_Tile-2_C1.tif,44951.4,7.090724121,15694.1,
75-25_co-cultureA2780_15and20_Day2_TX RED_Tile-2_C4.tif,13457.1,2.122749983,5064.9,
75-25_co-cultureA2780_15and20_Day2_TX RED_Tile-3_A1.tif,19923.8,3.142820229,6346.8,
75-25_co-cultureA2780_15and20_Day2_TX RED_Tile-3_A4.tif,34292.7,5.409399375,12475.9,
75-25_co-cultureA2780_15and20_Day2_TX RED_Tile-3_B1.tif,43418.1,6.848858299,15706.9,
75-25_co-cultureA2780_15and20_Day2_TX RED_Tile-3_B4.tif,32067.2,5.058344535,11122.9,
75-25_co-cultureA2780_15and20_Day2_TX RED_Tile-3_C1.tif,27209.7,4.292112729,9879.4,
75-25_co-cultureA2780_15and20_Day2_TX RED_Tile-3_C4.tif,19817,3.125973383,7243.1,
75-25_co-cultureA2780_15and20_Day2_TX RED_Tile-4_A1.tif,84154.3,13.27466831,24382.7,
75-25_co-cultureA2780_15and20_Day2_TX RED_Tile-4_A4.tif,27603.4,4.354215758,9862.4,
75-25_co-cultureA2780_15and20_Day2_TX RED_Tile-4_B1.tif,39403.2,6.21553991,14284.2,
75-25_co-cultureA2780_15and20_Day2_TX RED_Tile-4_B4.tif,21530.4,3.39624854,7712.6,
75-25_co-cultureA2780_15and20_Day2_TX RED_Tile-4_C1.tif,53265.1,8.402143857,18387.3,
75-25_co-cultureA2780_15and20_Day2_TX RED_Tile-4_C4.tif,22601.7,3.565237554,8216.3,
75-25_co-cultureA2780_15and20_Day2_TX RED_Tile-5_A1.tif,43166.1,6.809107313,14557.4,
75-25_co-cultureA2780_15and20_Day2_TX RED_Tile-5_A4.tif,43559.8,6.871210342,15280.1,
75-25_co-cultureA2780_15and20_Day2_TX RED_Tile-5_B1.tif,46749.9,7.374423123,15083.8,
75-25_co-cultureA2780_15and20_Day2_TX RED_Tile-5_B4.tif,24193.2,3.81628396,8377,
75-25_co-cultureA2780_15and20_Day2_TX RED_Tile-5_C1.tif,37320.9,5.887073725,12619.6,
75-25_co-cultureA2780_15and20_Day2_TX RED_Tile-5_C4.tif,30122,4.75150478,11502.8,
75-25_co-cultureA2780_15and20_Day3_TX RED_Tile-0_A1.tif,72646.4,11.45938905,23369.7,15.87744037
75-25_co-cultureA2780_15and20_Day3_TX RED_Tile-0_A4.tif,60744.9,9.582022532,16263.2,17.47158636
75-25_co-cultureA2780_15and20_Day3_TX RED_Tile-0_B1.tif,99145.7,15.63944185,29288.3,12.4426055
75-25_co-cultureA2780_15and20_Day3_TX RED_Tile-0_B4.tif,64622.7,10.19371449,18425.8,
75-25_co-cultureA2780_15and20_Day3_TX RED_Tile-0_C1.tif,83344.1,13.14686573,25192.2,11.50713755
75-25_co-cultureA2780_15and20_Day3_TX RED_Tile-0_C4.tif,35709.6,5.632904027,12454.6,9.491420781
75-25_co-cultureA2780_15and20_Day3_TX RED_Tile-1_A1.tif,8075.9,1.273908686,3212.5,7.476713557
75-25_co-cultureA2780_15and20_Day3_TX RED_Tile-1_A4.tif,50408,7.951459165,14435,
75-25_co-cultureA2780_15and20_Day3_TX RED_Tile-1_B1.tif,98839,15.59106238,30678.3,
75-25_co-cultureA2780_15and20_Day3_TX RED_Tile-1_B4.tif,51706,8.156208292,16076.8,
75-25_co-cultureA2780_15and20_Day3_TX RED_Tile-1_C1.tif,48204.2,7.603827326,15877.6,
75-25_co-cultureA2780_15and20_Day3_TX RED_Tile-1_C4.tif,56399,8.896491538,18674.7,
75-25_co-cultureA2780_15and20_Day3_TX RED_Tile-2_A1.tif,151146.7,23.84218404,34920.9,
75-25_co-cultureA2780_15and20_Day3_TX RED_Tile-2_A4.tif,58721.2,9.26280003,17516.6,
75-25_co-cultureA2780_15and20_Day3_TX RED_Tile-2_B1.tif,159248.9,25.12024134,39559,
75-25_co-cultureA2780_15and20_Day3_TX RED_Tile-2_B4.tif,63957.7,10.08881606,17502.4,
75-25_co-cultureA2780_15and20_Day3_TX RED_Tile-2_C1.tif,108389,17.09749856,32483.7,
75-25_co-cultureA2780_15and20_Day3_TX RED_Tile-2_C4.tif,50450,7.958084329,15719.7,
75-25_co-cultureA2780_15and20_Day3_TX RED_Tile-3_A1.tif,89747.5,14.15695091,21929.9,
75-25_co-cultureA2780_15and20_Day3_TX RED_Tile-3_A4.tif,70061.6,11.0516575,18509.7,
75-25_co-cultureA2780_15and20_Day3_TX RED_Tile-3_B1.tif,117887.3,18.59577948,34620.7,
75-25_co-cultureA2780_15and20_Day3_TX RED_Tile-3_B4.tif,86621.7,13.66388094,25630.4,
75-25_co-cultureA2780_15and20_Day3_TX RED_Tile-3_C1.tif,41777,6.589987889,13305.4,
75-25_co-cultureA2780_15and20_Day3_TX RED_Tile-3_C4.tif,34440.5,5.432713644,11364.8,
75-25_co-cultureA2780_15and20_Day3_TX RED_Tile-4_A1.tif,165920,26.17255405,42156.9,
75-25_co-cultureA2780_15and20_Day3_TX RED_Tile-4_A4.tif,78553.9,12.39124996,21379.3,
75-25_co-cultureA2780_15and20_Day3_TX RED_Tile-4_B1.tif,80394.4,12.68157413,23913.2,
75-25_co-cultureA2780_15and20_Day3_TX RED_Tile-4_B4.tif,36149.4,5.702278962,11070.2,
75-25_co-cultureA2780_15and20_Day3_TX RED_Tile-4_C1.tif,107084.9,16.89178721,29793.3,
75-25_co-cultureA2780_15and20_Day3_TX RED_Tile-4_C4.tif,63919.3,10.08275876,19667.8,
75-25_co-cultureA2780_15and20_Day3_TX RED_Tile-5_A1.tif,116390.4,18.35965547,30775,
75-25_co-cultureA2780_15and20_Day3_TX RED_Tile-5_A4.tif,119205,18.80363612,30201.7,
75-25_co-cultureA2780_15and20_Day3_TX RED_Tile-5_B1.tif,109047.8,17.201419,29480.3,
75-25_co-cultureA2780_15and20_Day3_TX RED_Tile-5_B4.tif,57965.7,9.143625942,17603.4,
75-25_co-cultureA2780_15and20_Day3_TX RED_Tile-5_C1.tif,84477.6,13.3256663,23446.6,
75-25_co-cultureA2780_15and20_Day3_TX RED_Tile-5_C4.tif,43471.8,6.857329045,14571.6,
75-25_co-cultureA2780_15and20_Day4_TX RED_Tile-0_A1.tif,215697,34.02447801,48788.2,44.36880457
75-25_co-cultureA2780_15and20_Day4_TX RED_Tile-0_A4.tif,163624.6,25.81047304,38304.1,41.2925357
75-25_co-cultureA2780_15and20_Day4_TX RED_Tile-0_B1.tif,239997,37.85760882,46218.7,33.40813529
75-25_co-cultureA2780_15and20_Day4_TX RED_Tile-0_B4.tif,192324.6,30.33766869,40910.5,
75-25_co-cultureA2780_15and20_Day4_TX RED_Tile-0_C1.tif,225534.9,35.57632811,44497.2,26.69797953
75-25_co-cultureA2780_15and20_Day4_TX RED_Tile-0_C4.tif,115019.1,18.14334385,32462.4,26.76737288
75-25_co-cultureA2780_15and20_Day4_TX RED_Tile-1_A1.tif,76840.5,12.1209748,19330.6,17.97231996
75-25_co-cultureA2780_15and20_Day4_TX RED_Tile-1_A4.tif,109147.5,17.21714587,27612.3,
75-25_co-cultureA2780_15and20_Day4_TX RED_Tile-1_B1.tif,213688,33.70757431,50899.5,
75-25_co-cultureA2780_15and20_Day4_TX RED_Tile-1_B4.tif,178428.8,28.14571729,42206.7,
75-25_co-cultureA2780_15and20_Day4_TX RED_Tile-1_C1.tif,157281.4,24.80988394,36864.3,
75-25_co-cultureA2780_15and20_Day4_TX RED_Tile-1_C4.tif,128645.2,20.29275223,30161.8,
75-25_co-cultureA2780_15and20_Day4_TX RED_Tile-2_A1.tif,368344.1,58.10333816,51598.1,
75-25_co-cultureA2780_15and20_Day4_TX RED_Tile-2_A4.tif,118065.4,18.62387333,31319.9,
75-25_co-cultureA2780_15and20_Day4_TX RED_Tile-2_B1.tif,359996,56.78649209,54406.5,
75-25_co-cultureA2780_15and20_Day4_TX RED_Tile-2_B4.tif,190149.1,29.99450095,43114.4,
75-25_co-cultureA2780_15and20_Day4_TX RED_Tile-2_C1.tif,281091.9,44.34000088,52956.8,
75-25_co-cultureA2780_15and20_Day4_TX RED_Tile-2_C4.tif,121973.6,19.24036065,36161.5,
75-25_co-cultureA2780_15and20_Day4_TX RED_Tile-3_A1.tif,274291.2,43.2672448,44848.7,
75-25_co-cultureA2780_15and20_Day4_TX RED_Tile-3_A4.tif,195033.4,30.76496024,41068.5,
75-25_co-cultureA2780_15and20_Day4_TX RED_Tile-3_B1.tif,251375.8,39.65252358,46951.4,
75-25_co-cultureA2780_15and20_Day4_TX RED_Tile-3_B4.tif,194751.6,30.72050854,43889.7,
75-25_co-cultureA2780_15and20_Day4_TX RED_Tile-3_C1.tif,127206.5,20.0658088,30621.4,
75-25_co-cultureA2780_15and20_Day4_TX RED_Tile-3_C4.tif,70388,11.10314449,20935.4,
75-25_co-cultureA2780_15and20_Day4_TX RED_Tile-4_A1.tif,389765.3,61.48236127,49323.1,
75-25_co-cultureA2780_15and20_Day4_TX RED_Tile-4_A4.tif,189900.7,29.95531783,43963.7,
75-25_co-cultureA2780_15and20_Day4_TX RED_Tile-4_B1.tif,221938,35.00894588,47270.1,
75-25_co-cultureA2780_15and20_Day4_TX RED_Tile-4_B4.tif,132780,20.94498389,33912.1,
75-25_co-cultureA2780_15and20_Day4_TX RED_Tile-4_C1.tif,269504.1,42.51211803,47541.9,
75-25_co-cultureA2780_15and20_Day4_TX RED_Tile-4_C4.tif,119203.5,18.80339951,30133.4,
75-25_co-cultureA2780_15and20_Day4_TX RED_Tile-5_A1.tif,362708.9,57.21443039,46352.5,
75-25_co-cultureA2780_15and20_Day4_TX RED_Tile-5_A4.tif,239733.9,37.81610689,49116.8,
75-25_co-cultureA2780_15and20_Day4_TX RED_Tile-5_B1.tif,283640.8,44.74206949,51710.5,
75-25_co-cultureA2780_15and20_Day4_TX RED_Tile-5_B4.tif,129710.9,20.46085789,33934.9,
75-25_co-cultureA2780_15and20_Day4_TX RED_Tile-5_C1.tif,210119.5,33.14467196,40584.7,
75-25_co-cultureA2780_15and20_Day4_TX RED_Tile-5_C4.tif,128380,20.25091905,31055.3,
75-25_co-cultureA2780_15and20_Day5_TX RED_Tile-0_A1.tif,382340.7,60.31118995,47300,65.10573464
75-25_co-cultureA2780_15and20_Day5_TX RED_Tile-0_A4.tif,256751.9,40.50056039,48939,63.96024635
75-25_co-cultureA2780_15and20_Day5_TX RED_Tile-0_B1.tif,382524.3,60.34015138,51519.8,51.50195603
75-25_co-cultureA2780_15and20_Day5_TX RED_Tile-0_B4.tif,272115.3,42.92401397,53133.2,
75-25_co-cultureA2780_15and20_Day5_TX RED_Tile-0_C1.tif,382662.5,60.36195133,62355.3,45.73390654
75-25_co-cultureA2780_15and20_Day5_TX RED_Tile-0_C4.tif,259027.1,40.85945501,54305.5,42.71400677
75-25_co-cultureA2780_15and20_Day5_TX RED_Tile-1_A1.tif,114651.7,18.08538944,26196.7,34.18322168
75-25_co-cultureA2780_15and20_Day5_TX RED_Tile-1_A4.tif,247672.6,39.06837338,48516.5,
75-25_co-cultureA2780_15and20_Day5_TX RED_Tile-1_B1.tif,405590.1,63.978597,58421.5,
75-25_co-cultureA2780_15and20_Day5_TX RED_Tile-1_B4.tif,267009.3,42.11858327,45119,
75-25_co-cultureA2780_15and20_Day5_TX RED_Tile-1_C1.tif,233507,36.83386318,48614.6,
75-25_co-cultureA2780_15and20_Day5_TX RED_Tile-1_C4.tif,195366.4,30.81748833,42965,
75-25_co-cultureA2780_15and20_Day5_TX RED_Tile-2_A1.tif,541969.6,85.49137325,28729.1,
75-25_co-cultureA2780_15and20_Day5_TX RED_Tile-2_A4.tif,269316.4,42.48250986,51727.5,
75-25_co-cultureA2780_15and20_Day5_TX RED_Tile-2_B1.tif,489475.6,77.21086426,49782.7,
75-25_co-cultureA2780_15and20_Day5_TX RED_Tile-2_B4.tif,300812.2,47.45072061,49106.9,
75-25_co-cultureA2780_15and20_Day5_TX RED_Tile-2_C1.tif,384116.8,60.59135553,64246.1,
75-25_co-cultureA2780_15and20_Day5_TX RED_Tile-2_C4.tif,230088.3,36.29459058,53012.3,
75-25_co-cultureA2780_15and20_Day5_TX RED_Tile-3_A1.tif,467752.4,73.78420306,45116.1,
75-25_co-cultureA2780_15and20_Day5_TX RED_Tile-3_A4.tif,303310,47.8447286,54328.3,
75-25_co-cultureA2780_15and20_Day5_TX RED_Tile-3_B1.tif,424699.6,66.99296792,56875,
75-25_co-cultureA2780_15and20_Day5_TX RED_Tile-3_B4.tif,351197,55.39852016,57846.7,
75-25_co-cultureA2780_15and20_Day5_TX RED_Tile-3_C1.tif,238601.3,37.63744829,43847.1,
75-25_co-cultureA2780_15and20_Day5_TX RED_Tile-3_C4.tif,175023.6,27.6085742,41079.9,
75-25_co-cultureA2780_15and20_Day5_TX RED_Tile-4_A1.tif,520377.4,82.08537626,43324.9,
75-25_co-cultureA2780_15and20_Day5_TX RED_Tile-4_A4.tif,288964.9,45.58190371,52985.2,
75-25_co-cultureA2780_15and20_Day5_TX RED_Tile-4_B1.tif,335806.8,52.9708391,59760.3,
75-25_co-cultureA2780_15and20_Day5_TX RED_Tile-4_B4.tif,195511.1,30.8403136,44801.7,
75-25_co-cultureA2780_15and20_Day5_TX RED_Tile-4_C1.tif,355714.4,56.11110391,57378.6,
75-25_co-cultureA2780_15and20_Day5_TX RED_Tile-4_C4.tif,232875.5,36.7342491,50014.6,
75-25_co-cultureA2780_15and20_Day5_TX RED_Tile-5_A1.tif,449321.5,70.87687587,42738.8,
75-25_co-cultureA2780_15and20_Day5_TX RED_Tile-5_A4.tif,373555.3,58.92536331,52056.2,
75-25_co-cultureA2780_15and20_Day5_TX RED_Tile-5_B1.tif,394746.2,62.26805844,55116.5,
75-25_co-cultureA2780_15and20_Day5_TX RED_Tile-5_B4.tif,238058.9,37.55188903,49202.2,
75-25_co-cultureA2780_15and20_Day5_TX RED_Tile-5_C1.tif,364367.2,57.47601396,50199.5,
75-25_co-cultureA2780_15and20_Day5_TX RED_Tile-5_C4.tif,207839.2,32.78497285,45056.4,
75-25_co-cultureA2780_15and20_Day6_TX RED_Tile-0_A1.tif,495203.5,78.11439471,36034.9,79.85765949
75-25_co-cultureA2780_15and20_Day6_TX RED_Tile-0_A4.tif,406989.8,64.19938849,49909.3,78.28133045
75-25_co-cultureA2780_15and20_Day6_TX RED_Tile-0_B1.tif,438659.2,69.19498326,39896.1,70.14850741
75-25_co-cultureA2780_15and20_Day6_TX RED_Tile-0_B4.tif,439714.8,69.36149572,50782.9,
75-25_co-cultureA2780_15and20_Day6_TX RED_Tile-0_C1.tif,471247.6,74.33554293,44575.5,59.90839048
75-25_co-cultureA2780_15and20_Day6_TX RED_Tile-0_C4.tif,373537.1,58.92249241,50839.8,60.43714432
75-25_co-cultureA2780_15and20_Day6_TX RED_Tile-1_A1.tif,292083.6,46.07385372,37193,55.45675326
75-25_co-cultureA2780_15and20_Day6_TX RED_Tile-1_A4.tif,316487.3,49.92334237,56247.6,
75-25_co-cultureA2780_15and20_Day6_TX RED_Tile-1_B1.tif,478667.7,75.5060044,48544.9,
75-25_co-cultureA2780_15and20_Day6_TX RED_Tile-1_B4.tif,389572.5,61.45194861,53084.8,
75-25_co-cultureA2780_15and20_Day6_TX RED_Tile-1_C1.tif,443109.8,69.89702984,43932.4,
75-25_co-cultureA2780_15and20_Day6_TX RED_Tile-1_C4.tif,351588.7,55.46030771,59192.6,
75-25_co-cultureA2780_15and20_Day6_TX RED_Tile-2_A1.tif,588734.1,92.86809941,18442.8,
75-25_co-cultureA2780_15and20_Day6_TX RED_Tile-2_A4.tif,284938.8,44.94681861,51047.5,
75-25_co-cultureA2780_15and20_Day6_TX RED_Tile-2_B1.tif,566699.2,89.39227003,22868.9,
75-25_co-cultureA2780_15and20_Day6_TX RED_Tile-2_B4.tif,424542.8,66.96823397,54277.1,
75-25_co-cultureA2780_15and20_Day6_TX RED_Tile-2_C1.tif,405372,63.94419347,44595.4,
75-25_co-cultureA2780_15and20_Day6_TX RED_Tile-2_C4.tif,373080.6,58.85048318,54518.9,
75-25_co-cultureA2780_15and20_Day6_TX RED_Tile-3_A1.tif,576511.8,90.94012926,24611.8,
75-25_co-cultureA2780_15and20_Day6_TX RED_Tile-3_A4.tif,430227.1,67.86488687,52682.2,
75-25_co-cultureA2780_15and20_Day6_TX RED_Tile-3_B1.tif,485276.5,76.54848979,39321.4,
75-25_co-cultureA2780_15and20_Day6_TX RED_Tile-3_B4.tif,410595.8,64.76820618,56774,
75-25_co-cultureA2780_15and20_Day6_TX RED_Tile-3_C1.tif,455153.6,71.79684304,50246.5,
75-25_co-cultureA2780_15and20_Day6_TX RED_Tile-3_C4.tif,371985.6,58.67775568,55699.8,
75-25_co-cultureA2780_15and20_Day6_TX RED_Tile-4_A1.tif,563367.9,88.86678407,28747.6,
75-25_co-cultureA2780_15and20_Day6_TX RED_Tile-4_A4.tif,401142.5,63.27702365,52376.3,
75-25_co-cultureA2780_15and20_Day6_TX RED_Tile-4_B1.tif,488880,77.11691312,47136.4,
75-25_co-cultureA2780_15and20_Day6_TX RED_Tile-4_B4.tif,314550.2,49.61778032,49667.4,
75-25_co-cultureA2780_15and20_Day6_TX RED_Tile-4_C1.tif,426238.5,67.23571709,52532.8,
75-25_co-cultureA2780_15and20_Day6_TX RED_Tile-4_C4.tif,315396.3,49.75124584,53904.3,
75-25_co-cultureA2780_15and20_Day6_TX RED_Tile-5_A1.tif,521628.3,82.28269574,31678.5,
75-25_co-cultureA2780_15and20_Day6_TX RED_Tile-5_A4.tif,438937.5,69.23888286,55015.5,
75-25_co-cultureA2780_15and20_Day6_TX RED_Tile-5_B1.tif,519388.1,81.92932209,39687,
75-25_co-cultureA2780_15and20_Day6_TX RED_Tile-5_B4.tif,319859,50.4552011,55544.7,
75-25_co-cultureA2780_15and20_Day6_TX RED_Tile-5_C1.tif,467102.7,73.68171808,49624.8,
75-25_co-cultureA2780_15and20_Day6_TX RED_Tile-5_C4.tif,323808.7,51.07823471,52904.1,
75-25_co-cultureA2780_15and20_Day7_TX RED_Tile-0_A1.tif,558430,88.08786981,26586.5,89.11065059
75-25_co-cultureA2780_15and20_Day7_TX RED_Tile-0_A4.tif,471328.1,74.34824116,27892.6,82.09414671
75-25_co-cultureA2780_15and20_Day7_TX RED_Tile-0_B1.tif,488639.2,77.07892884,37397.8,74.47289678
75-25_co-cultureA2780_15and20_Day7_TX RED_Tile-0_B4.tif,435909.4,68.76122428,42694.6,
75-25_co-cultureA2780_15and20_Day7_TX RED_Tile-0_C1.tif,511381.6,80.6663607,50263.6,69.97380025
75-25_co-cultureA2780_15and20_Day7_TX RED_Tile-0_C4.tif,461887.9,72.85912505,40634.5,69.08049674
75-25_co-cultureA2780_15and20_Day7_TX RED_Tile-1_A1.tif,433698.5,68.41247248,32486.6,69.22773576
75-25_co-cultureA2780_15and20_Day7_TX RED_Tile-1_A4.tif,371232.1,58.55889708,43450.1,
75-25_co-cultureA2780_15and20_Day7_TX RED_Tile-1_B1.tif,526724.7,83.08661211,36300.9,
75-25_co-cultureA2780_15and20_Day7_TX RED_Tile-1_B4.tif,430704.8,67.94024023,33979,
75-25_co-cultureA2780_15and20_Day7_TX RED_Tile-1_C1.tif,444114.8,70.05556056,61490.3,
75-25_co-cultureA2780_15and20_Day7_TX RED_Tile-1_C4.tif,460398.1,72.62412101,44818.8,
75-25_co-cultureA2780_15and20_Day7_TX RED_Tile-2_A1.tif,608840.6,96.0397391,11243.8,
75-25_co-cultureA2780_15and20_Day7_TX RED_Tile-2_A4.tif,391204.4,61.70936779,40389.8,
75-25_co-cultureA2780_15and20_Day7_TX RED_Tile-2_B1.tif,555207,87.57946732,26171.1,
75-25_co-cultureA2780_15and20_Day7_TX RED_Tile-2_B4.tif,459897.2,72.54510803,38396.6,
75-25_co-cultureA2780_15and20_Day7_TX RED_Tile-2_C1.tif,483351.6,76.2448522,50004.6,
75-25_co-cultureA2780_15and20_Day7_TX RED_Tile-2_C4.tif,455084.2,71.78589575,42212.3,
75-25_co-cultureA2780_15and20_Day7_TX RED_Tile-3_A1.tif,612008.4,96.53943424,13232.8,
75-25_co-cultureA2780_15and20_Day7_TX RED_Tile-3_A4.tif,484769.5,76.46851459,35593.8,
75-25_co-cultureA2780_15and20_Day7_TX RED_Tile-3_B1.tif,532870,84.05598407,32185,
75-25_co-cultureA2780_15and20_Day7_TX RED_Tile-3_B4.tif,505484.2,79.73609298,39415.3,
75-25_co-cultureA2780_15and20_Day7_TX RED_Tile-3_C1.tif,415225.6,65.49852013,49297.5,
75-25_co-cultureA2780_15and20_Day7_TX RED_Tile-3_C4.tif,426434.3,67.26660298,44474.5,
75-25_co-cultureA2780_15and20_Day7_TX RED_Tile-4_A1.tif,596626.3,94.11303089,16838,
75-25_co-cultureA2780_15and20_Day7_TX RED_Tile-4_A4.tif,440304.9,69.45457928,38962.8,
75-25_co-cultureA2780_15and20_Day7_TX RED_Tile-4_B1.tif,486772.9,76.78453493,41469.7,
75-25_co-cultureA2780_15and20_Day7_TX RED_Tile-4_B4.tif,387218.9,61.08068702,37003.7,
75-25_co-cultureA2780_15and20_Day7_TX RED_Tile-4_C1.tif,512117.8,80.78249036,43990.8,
75-25_co-cultureA2780_15and20_Day7_TX RED_Tile-4_C4.tif,415179.5,65.49124822,42881,
75-25_co-cultureA2780_15and20_Day7_TX RED_Tile-5_A1.tif,579879.5,91.47135702,19514.1,
75-25_co-cultureA2780_15and20_Day7_TX RED_Tile-5_A4.tif,502739.9,79.30320158,36996.6,
75-25_co-cultureA2780_15and20_Day7_TX RED_Tile-5_B1.tif,532384.2,83.979353,32298.8,
75-25_co-cultureA2780_15and20_Day7_TX RED_Tile-5_B4.tif,408386,64.41962789,45767.7,
75-25_co-cultureA2780_15and20_Day7_TX RED_Tile-5_C1.tif,466518.7,73.58959674,47613,
75-25_co-cultureA2780_15and20_Day7_TX RED_Tile-5_C4.tif,414217,65.33942154,45867.3,
75-25_co-cultureA2780_15and20_Day8_TX RED_Tile-0_A1.tif,523723.3,82.61316524,31756.7,79.10953909
75-25_co-cultureA2780_15and20_Day8_TX RED_Tile-0_A4.tif,493199.6,77.7982955,33254.8,81.55583896
75-25_co-cultureA2780_15and20_Day8_TX RED_Tile-0_B1.tif,516516.3,81.47631859,35548.3,80.70681101
75-25_co-cultureA2780_15and20_Day8_TX RED_Tile-0_B4.tif,531685.9,83.86920176,34246.5,
75-25_co-cultureA2780_15and20_Day8_TX RED_Tile-0_C1.tif,551260.4,86.95692271,37690.9,81.2981858
75-25_co-cultureA2780_15and20_Day8_TX RED_Tile-0_C4.tif,426297.2,67.24497655,50482.7,80.91391575
75-25_co-cultureA2780_15and20_Day8_TX RED_Tile-1_A1.tif,157104.8,24.7820267,23586,69.38174717
75-25_co-cultureA2780_15and20_Day8_TX RED_Tile-1_A4.tif,513917.3,81.06634711,38072.2,
75-25_co-cultureA2780_15and20_Day8_TX RED_Tile-1_B1.tif,488236.9,77.01546923,38351.1,
75-25_co-cultureA2780_15and20_Day8_TX RED_Tile-1_B4.tif,522395.5,82.4037154,34821.3,
75-25_co-cultureA2780_15and20_Day8_TX RED_Tile-1_C1.tif,483566.6,76.27876673,52228.3,
75-25_co-cultureA2780_15and20_Day8_TX RED_Tile-1_C4.tif,471238.5,74.33410748,52581.2,
75-25_co-cultureA2780_15and20_Day8_TX RED_Tile-2_A1.tif,608215.6,95.94115035,14491.9,
75-25_co-cultureA2780_15and20_Day8_TX RED_Tile-2_A4.tif,484651.6,76.44991681,41566.4,
75-25_co-cultureA2780_15and20_Day8_TX RED_Tile-2_B1.tif,542820.7,85.62562748,34185.3,
75-25_co-cultureA2780_15and20_Day8_TX RED_Tile-2_B4.tif,570327.5,89.96460536,29783.4,
75-25_co-cultureA2780_15and20_Day8_TX RED_Tile-2_C1.tif,525569.4,82.90437277,38981.3,
75-25_co-cultureA2780_15and20_Day8_TX RED_Tile-2_C4.tif,450399.8,71.04696908,45628.3,
75-25_co-cultureA2780_15and20_Day8_TX RED_Tile-3_A1.tif,500042.2,78.87766097,23409.6,
75-25_co-cultureA2780_15and20_Day8_TX RED_Tile-3_A4.tif,497917.4,78.54249075,43316.4,
75-25_co-cultureA2780_15and20_Day8_TX RED_Tile-3_B1.tif,549339,86.65383721,30449.2,
75-25_co-cultureA2780_15and20_Day8_TX RED_Tile-3_B4.tif,507516.4,80.05665629,43912.5,
75-25_co-cultureA2780_15and20_Day8_TX RED_Tile-3_C1.tif,455999.2,71.93022968,45271.2,
75-25_co-cultureA2780_15and20_Day8_TX RED_Tile-3_C4.tif,362387.5,57.16373211,53954.1,
75-25_co-cultureA2780_15and20_Day8_TX RED_Tile-4_A1.tif,618110.2,97.50194443,12581.2,
75-25_co-cultureA2780_15and20_Day8_TX RED_Tile-4_A4.tif,558099.6,88.03575185,33848.1,
75-25_co-cultureA2780_15and20_Day8_TX RED_Tile-4_B1.tif,472137.2,74.47587022,47073.8,
75-25_co-cultureA2780_15and20_Day8_TX RED_Tile-4_B4.tif,479052.3,75.56667198,48192.1,
75-25_co-cultureA2780_15and20_Day8_TX RED_Tile-4_C1.tif,551539.3,87.00091695,32431.1,
75-25_co-cultureA2780_15and20_Day8_TX RED_Tile-4_C4.tif,458823.4,72.37572467,48663,
75-25_co-cultureA2780_15and20_Day8_TX RED_Tile-5_A1.tif,601877,94.94128685,19561.1,
75-25_co-cultureA2780_15and20_Day8_TX RED_Tile-5_A4.tif,544536.7,85.89631276,31822.2,
75-25_co-cultureA2780_15and20_Day8_TX RED_Tile-5_B1.tif,533072.4,84.08791105,36315.1,
75-25_co-cultureA2780_15and20_Day8_TX RED_Tile-5_B4.tif,466728.2,73.62264369,50280.6,
75-25_co-cultureA2780_15and20_Day8_TX RED_Tile-5_C1.tif,501893.3,79.1696572,41242,
75-25_co-cultureA2780_15and20_Day8_TX RED_Tile-5_C4.tif,469912.7,74.12497312,45514.5,
75-25_co-cultureA2780_15and20_Day9_TX RED_Tile-0_A1.tif,554493.5,87.46691839,26599.3,85.59839858
75-25_co-cultureA2780_15and20_Day9_TX RED_Tile-0_A4.tif,595887,93.99641222,19569.6,85.23658573
75-25_co-cultureA2780_15and20_Day9_TX RED_Tile-0_B1.tif,514024.6,81.08327283,41832.5,81.8326683
75-25_co-cultureA2780_15and20_Day9_TX RED_Tile-0_B4.tif,566295.9,89.32865267,30726.7,
75-25_co-cultureA2780_15and20_Day9_TX RED_Tile-0_C1.tif,530602.9,83.69836716,42283.5,88.57551082
75-25_co-cultureA2780_15and20_Day9_TX RED_Tile-0_C4.tif,501109.5,79.04601901,35657.8,85.6668218
75-25_co-cultureA2780_15and20_Day9_TX RED_Tile-1_A1.tif,278897.7,43.99388337,41169.5,78.30603548
75-25_co-cultureA2780_15and20_Day9_TX RED_Tile-1_A4.tif,544907.6,85.95481927,36914.1,
75-25_co-cultureA2780_15and20_Day9_TX RED_Tile-1_B1.tif,472261.2,74.49543023,48079.7,
75-25_co-cultureA2780_15and20_Day9_TX RED_Tile-1_B4.tif,537768.4,84.82866753,37090.5,
75-25_co-cultureA2780_15and20_Day9_TX RED_Tile-1_C1.tif,498905.2,78.6983083,49920.7,
75-25_co-cultureA2780_15and20_Day9_TX RED_Tile-1_C4.tif,498922.9,78.70110034,44234,
75-25_co-cultureA2780_15and20_Day9_TX RED_Tile-2_A1.tif,624721.1,98.54476107,7819.3,
75-25_co-cultureA2780_15and20_Day9_TX RED_Tile-2_A4.tif,584968.7,92.27413765,24853.6,
75-25_co-cultureA2780_15and20_Day9_TX RED_Tile-2_B1.tif,558847.5,88.1537271,34455.6,
75-25_co-cultureA2780_15and20_Day9_TX RED_Tile-2_B4.tif,594131.6,93.7195119,18727.4,
75-25_co-cultureA2780_15and20_Day9_TX RED_Tile-2_C1.tif,555922.6,87.6923475,36830.2,
75-25_co-cultureA2780_15and20_Day9_TX RED_Tile-2_C4.tif,510926.6,80.59458808,35788.7,
75-25_co-cultureA2780_15and20_Day9_TX RED_Tile-3_A1.tif,568425.3,89.66454851,21599.9,
75-25_co-cultureA2780_15and20_Day9_TX RED_Tile-3_A4.tif,536357.6,84.6061251,36918.4,
75-25_co-cultureA2780_15and20_Day9_TX RED_Tile-3_B1.tif,579038.4,91.33868022,29242.8,
75-25_co-cultureA2780_15and20_Day9_TX RED_Tile-3_B4.tif,563223.7,88.84403768,33761.3,
75-25_co-cultureA2780_15and20_Day9_TX RED_Tile-3_C1.tif,457570.4,72.17807393,52740.5,
75-25_co-cultureA2780_15and20_Day9_TX RED_Tile-3_C4.tif,516776.9,81.51742616,41744.3,
75-25_co-cultureA2780_15and20_Day9_TX RED_Tile-4_A1.tif,620904.5,97.94272292,11664.9,
75-25_co-cultureA2780_15and20_Day9_TX RED_Tile-4_A4.tif,524752.6,82.77552909,36897,
75-25_co-cultureA2780_15and20_Day9_TX RED_Tile-4_B1.tif,562525.4,88.73388643,34646.3,
75-25_co-cultureA2780_15and20_Day9_TX RED_Tile-4_B4.tif,497089.5,78.41189614,40231.9,
75-25_co-cultureA2780_15and20_Day9_TX RED_Tile-4_C1.tif,556059.7,87.71397393,36343.6,
75-25_co-cultureA2780_15and20_Day9_TX RED_Tile-4_C4.tif,437727.6,69.0480308,47568.9,
75-25_co-cultureA2780_15and20_Day9_TX RED_Tile-5_A1.tif,608446.4,95.9775572,19939.5,
75-25_co-cultureA2780_15and20_Day9_TX RED_Tile-5_A4.tif,582254.8,91.84604161,29793.3,
75-25_co-cultureA2780_15and20_Day9_TX RED_Tile-5_B1.tif,555429.2,87.61451759,33149.6,
75-25_co-cultureA2780_15and20_Day9_TX RED_Tile-5_B4.tif,499982,78.8681649,43904,
75-25_co-cultureA2780_15and20_Day9_TX RED_Tile-5_C1.tif,513591.4,81.01493899,41102.6,
75-25_co-cultureA2780_15and20_Day9_TX RED_Tile-5_C4.tif,513046.9,80.92904846,39926,
75-27_co-cultureA2780_15and20_Day1_TX RED_Tile-0_A1.tif,11860,1.870820221,4585.5,3.253539345
75-27_co-cultureA2780_15and20_Day1_TX RED_Tile-0_A4.tif,11780.1,1.858216634,4458.8,3.325359281
75-27_co-cultureA2780_15and20_Day1_TX RED_Tile-0_B1.tif,19825.6,3.127329964,7265.9,2.185207931
75-27_co-cultureA2780_15and20_Day1_TX RED_Tile-0_B4.tif,10630.4,1.676860647,3928.2,
75-27_co-cultureA2780_15and20_Day1_TX RED_Tile-0_C1.tif,15735.8,2.482196697,6022.4,2.15289711
75-27_co-cultureA2780_15and20_Day1_TX RED_Tile-0_C4.tif,18146.6,2.862481132,5713.7,1.878131563
75-27_co-cultureA2780_15and20_Day1_TX RED_Tile-1_A1.tif,4613,0.727663885,1956.3,1.70984713
75-27_co-cultureA2780_15and20_Day1_TX RED_Tile-1_A4.tif,9788.8,1.544104973,3852.7,
75-27_co-cultureA2780_15and20_Day1_TX RED_Tile-1_B1.tif,21804.7,3.439517173,7460.8,
75-27_co-cultureA2780_15and20_Day1_TX RED_Tile-1_B4.tif,9888.5,1.559831851,4160.1,
75-27_co-cultureA2780_15and20_Day1_TX RED_Tile-1_C1.tif,9263.5,1.461243096,3561.1,
75-27_co-cultureA2780_15and20_Day1_TX RED_Tile-1_C4.tif,11225.5,1.770732916,4285.3,
75-27_co-cultureA2780_15and20_Day1_TX RED_Tile-2_A1.tif,34726.9,5.477890955,13501.7,
75-27_co-cultureA2780_15and20_Day1_TX RED_Tile-2_A4.tif,12373.7,1.951852291,4690.7,
75-27_co-cultureA2780_15and20_Day1_TX RED_Tile-2_B1.tif,25591.4,4.036838836,9057.1,
75-27_co-cultureA2780_15and20_Day1_TX RED_Tile-2_B4.tif,14934.7,2.355829574,5212.9,
75-27_co-cultureA2780_15and20_Day1_TX RED_Tile-2_C1.tif,11600.9,1.829949266,4564.1,
75-27_co-cultureA2780_15and20_Day1_TX RED_Tile-2_C4.tif,9739.2,1.536280969,3482.8,
75-27_co-cultureA2780_15and20_Day1_TX RED_Tile-3_A1.tif,18066.1,2.8497829,6429.3,
75-27_co-cultureA2780_15and20_Day1_TX RED_Tile-3_A4.tif,12038.7,1.899008718,4319.4,
75-27_co-cultureA2780_15and20_Day1_TX RED_Tile-3_B1.tif,25240.2,3.981439843,9318.9,
75-27_co-cultureA2780_15and20_Day1_TX RED_Tile-3_B4.tif,17082.9,2.694690957,6388,
75-27_co-cultureA2780_15and20_Day1_TX RED_Tile-3_C1.tif,13862.9,2.18676169,5222.8,
75-27_co-cultureA2780_15and20_Day1_TX RED_Tile-3_C4.tif,9531.2,1.503470631,3413.1,
75-27_co-cultureA2780_15and20_Day1_TX RED_Tile-4_A1.tif,33752.8,5.324234465,11623.7,
75-27_co-cultureA2780_15and20_Day1_TX RED_Tile-4_A4.tif,13838.6,2.182928559,5195.8,
75-27_co-cultureA2780_15and20_Day1_TX RED_Tile-4_B1.tif,16320.3,2.574396901,6045.2,
75-27_co-cultureA2780_15and20_Day1_TX RED_Tile-4_B4.tif,8511.1,1.342558009,3283.7,
75-27_co-cultureA2780_15and20_Day1_TX RED_Tile-4_C1.tif,15350.7,2.42145025,5537.3,
75-27_co-cultureA2780_15and20_Day1_TX RED_Tile-4_C4.tif,10265,1.619221717,3662.1,
75-27_co-cultureA2780_15and20_Day1_TX RED_Tile-5_A1.tif,20735.4,3.270843643,7537.6,
75-27_co-cultureA2780_15and20_Day1_TX RED_Tile-5_A4.tif,22069.4,3.481271483,8230.5,
75-27_co-cultureA2780_15and20_Day1_TX RED_Tile-5_B1.tif,17703.8,2.79263297,6341.1,
75-27_co-cultureA2780_15and20_Day1_TX RED_Tile-5_B4.tif,10390.5,1.639018339,3875.5,
75-27_co-cultureA2780_15and20_Day1_TX RED_Tile-5_C1.tif,17304.5,2.729646586,6530.3,
75-27_co-cultureA2780_15and20_Day1_TX RED_Tile-5_C4.tif,6129.6,0.966895415,2533.9,
