time,observed,pred_one_stage_transit_linear_kill,pred_hill_death_instantaneous,pred_transit_hill_combined,pred_theta_logistic_hill_kill,pred_transit_chain_erlang
1.0,470.381366,NaN,NaN,NaN,NaN,NaN
1.0,164.837076,NaN,NaN,NaN,NaN,NaN
1.0,305.189622,NaN,NaN,NaN,NaN,NaN
1.0,683.094985,NaN,NaN,NaN,NaN,NaN
1.0,277.199035,NaN,NaN,NaN,NaN,NaN
1.0,507.501582,NaN,NaN,NaN,NaN,NaN
1.0,332.640741,NaN,NaN,NaN,NaN,NaN
1.0,497.381829,NaN,NaN,NaN,NaN,NaN
1.0,581.121528,NaN,NaN,NaN,NaN,NaN
1.0,178.075694,NaN,NaN,NaN,NaN,NaN
1.0,164.776968,NaN,NaN,NaN,NaN,NaN
1.0,151.658565,NaN,NaN,NaN,NaN,NaN
1.0,328.855556,NaN,NaN,NaN,NaN,NaN
1.0,337.256597,NaN,NaN,NaN,NaN,NaN
1.0,249.456713,NaN,NaN,NaN,NaN,NaN
1.0,563.739005,NaN,NaN,NaN,NaN,NaN
1.0,763.835648,NaN,NaN,NaN,NaN,NaN
1.0,721.710301,NaN,NaN,NaN,NaN,NaN
1.0,332.851157,NaN,NaN,NaN,NaN,NaN
1.0,289.437616,NaN,NaN,NaN,NaN,NaN
1.0,209.308333,NaN,NaN,NaN,NaN,NaN
1.0,489.838426,NaN,NaN,NaN,NaN,NaN
1.0,510.295949,NaN,NaN,NaN,NaN,NaN
1.0,522.37037,NaN,NaN,NaN,NaN,NaN
1.0,66.075347,NaN,NaN,NaN,NaN,NaN
1.0,82.574769,NaN,NaN,NaN,NaN,NaN
1.0,79.832716,NaN,NaN,NaN,NaN,NaN
1.0,73.884722,NaN,NaN,NaN,NaN,NaN
1.0,117.621181,NaN,NaN,NaN,NaN,NaN
1.0,119.122916,NaN,NaN,NaN,NaN,NaN
1.0,64.343634,NaN,NaN,NaN,NaN,NaN
1.0,70.884954,NaN,NaN,NaN,NaN,NaN
1.0,62.997454,NaN,NaN,NaN,NaN,NaN
1.0,84.920718,NaN,NaN,NaN,NaN,NaN
1.0,78.589468,NaN,NaN,NaN,NaN,NaN
1.0,84.21412,NaN,NaN,NaN,NaN,NaN
1.0,71.799421,NaN,NaN,NaN,NaN,NaN
1.0,72.274537,NaN,NaN,NaN,NaN,NaN
1.0,95.42419,NaN,NaN,NaN,NaN,NaN
1.0,78.855671,NaN,NaN,NaN,NaN,NaN
1.0,65.742824,NaN,NaN,NaN,NaN,NaN
1.0,77.055671,NaN,NaN,NaN,NaN,NaN
1.0,102.510417,NaN,NaN,NaN,NaN,NaN
1.0,111.150116,NaN,NaN,NaN,NaN,NaN
1.0,139.203009,NaN,NaN,NaN,NaN,NaN
1.0,114.262847,NaN,NaN,NaN,NaN,NaN
1.0,106.092708,NaN,NaN,NaN,NaN,NaN
1.0,137.013194,NaN,NaN,NaN,NaN,NaN
2.0,658.348264,NaN,NaN,NaN,NaN,NaN
2.0,310.328588,NaN,NaN,NaN,NaN,NaN
2.0,465.637384,NaN,NaN,NaN,NaN,NaN
2.0,962.59946,NaN,NaN,NaN,NaN,NaN
2.0,512.547261,NaN,NaN,NaN,NaN,NaN
2.0,801.887693,NaN,NaN,NaN,NaN,NaN
2.0,449.617593,NaN,NaN,NaN,NaN,NaN
2.0,745.802778,NaN,NaN,NaN,NaN,NaN
2.0,779.624421,NaN,NaN,NaN,NaN,NaN
2.0,324.121528,NaN,NaN,NaN,NaN,NaN
2.0,300.025347,NaN,NaN,NaN,NaN,NaN
2.0,306.838889,NaN,NaN,NaN,NaN,NaN
2.0,504.633912,NaN,NaN,NaN,NaN,NaN
2.0,496.346065,NaN,NaN,NaN,NaN,NaN
2.0,395.932176,NaN,NaN,NaN,NaN,NaN
2.0,836.934375,NaN,NaN,NaN,NaN,NaN
2.0,1052.74919,NaN,NaN,NaN,NaN,NaN
2.0,998.114815,NaN,NaN,NaN,NaN,NaN
2.0,609.895833,NaN,NaN,NaN,NaN,NaN
2.0,576.794907,NaN,NaN,NaN,NaN,NaN
2.0,350.951042,NaN,NaN,NaN,NaN,NaN
2.0,776.097801,NaN,NaN,NaN,NaN,NaN
2.0,781.714931,NaN,NaN,NaN,NaN,NaN
2.0,847.850347,NaN,NaN,NaN,NaN,NaN
2.0,136.019406,NaN,NaN,NaN,NaN,NaN
2.0,153.749267,NaN,NaN,NaN,NaN,NaN
2.0,136.681867,NaN,NaN,NaN,NaN,NaN
2.0,143.644638,NaN,NaN,NaN,NaN,NaN
2.0,206.529707,NaN,NaN,NaN,NaN,NaN
2.0,208.109954,NaN,NaN,NaN,NaN,NaN
2.0,144.66794,NaN,NaN,NaN,NaN,NaN
2.0,139.543403,NaN,NaN,NaN,NaN,NaN
2.0,123.846875,NaN,NaN,NaN,NaN,NaN
2.0,166.060417,NaN,NaN,NaN,NaN,NaN
2.0,149.511343,NaN,NaN,NaN,NaN,NaN
2.0,145.676042,NaN,NaN,NaN,NaN,NaN
2.0,126.396991,NaN,NaN,NaN,NaN,NaN
2.0,130.276852,NaN,NaN,NaN,NaN,NaN
2.0,153.371759,NaN,NaN,NaN,NaN,NaN
2.0,155.372917,NaN,NaN,NaN,NaN,NaN
2.0,137.909144,NaN,NaN,NaN,NaN,NaN
2.0,137.651852,NaN,NaN,NaN,NaN,NaN
2.0,196.253588,NaN,NaN,NaN,NaN,NaN
2.0,183.938426,NaN,NaN,NaN,NaN,NaN
2.0,239.397106,NaN,NaN,NaN,NaN,NaN
2.0,190.076389,NaN,NaN,NaN,NaN,NaN
2.0,205.055903,NaN,NaN,NaN,NaN,NaN
2.0,229.197569,NaN,NaN,NaN,NaN,NaN
3.0,910.885918,NaN,NaN,NaN,NaN,NaN
3.0,498.459259,NaN,NaN,NaN,NaN,NaN
3.0,790.214892,NaN,NaN,NaN,NaN,NaN
3.0,1293.415316,NaN,NaN,NaN,NaN,NaN
3.0,810.468596,NaN,NaN,NaN,NaN,NaN
3.0,1336.278318,NaN,NaN,NaN,NaN,NaN
3.0,614.55706,NaN,NaN,NaN,NaN,NaN
3.0,980.722569,NaN,NaN,NaN,NaN,NaN
3.0,1137.378125,NaN,NaN,NaN,NaN,NaN
3.0,510.147454,NaN,NaN,NaN,NaN,NaN
3.0,528.628125,NaN,NaN,NaN,NaN,NaN
3.0,456.602199,NaN,NaN,NaN,NaN,NaN
3.0,850.662153,NaN,NaN,NaN,NaN,NaN
3.0,859.936921,NaN,NaN,NaN,NaN,NaN
3.0,660.045602,NaN,NaN,NaN,NaN,NaN
3.0,1110.770255,NaN,NaN,NaN,NaN,NaN
3.0,1448.60081,NaN,NaN,NaN,NaN,NaN
3.0,1320.874884,NaN,NaN,NaN,NaN,NaN
3.0,907.462269,NaN,NaN,NaN,NaN,NaN
3.0,917.526736,NaN,NaN,NaN,NaN,NaN
3.0,606.416782,NaN,NaN,NaN,NaN,NaN
3.0,1269.710301,NaN,NaN,NaN,NaN,NaN
3.0,1253.711111,NaN,NaN,NaN,NaN,NaN
3.0,1485.413542,NaN,NaN,NaN,NaN,NaN
3.0,262.411998,NaN,NaN,NaN,NaN,NaN
3.0,298.622724,NaN,NaN,NaN,NaN,NaN
3.0,256.032137,NaN,NaN,NaN,NaN,NaN
3.0,301.875849,NaN,NaN,NaN,NaN,NaN
3.0,392.797531,NaN,NaN,NaN,NaN,NaN
3.0,381.19267,NaN,NaN,NaN,NaN,NaN
3.0,280.497106,NaN,NaN,NaN,NaN,NaN
3.0,258.054745,NaN,NaN,NaN,NaN,NaN
3.0,248.684144,NaN,NaN,NaN,NaN,NaN
3.0,317.704167,NaN,NaN,NaN,NaN,NaN
3.0,291.964583,NaN,NaN,NaN,NaN,NaN
3.0,286.199421,NaN,NaN,NaN,NaN,NaN
3.0,230.708449,NaN,NaN,NaN,NaN,NaN
3.0,247.303356,NaN,NaN,NaN,NaN,NaN
3.0,290.084606,NaN,NaN,NaN,NaN,NaN
3.0,346.651389,NaN,NaN,NaN,NaN,NaN
3.0,273.56794,NaN,NaN,NaN,NaN,NaN
3.0,285.408218,NaN,NaN,NaN,NaN,NaN
3.0,372.058449,NaN,NaN,NaN,NaN,NaN
3.0,360.129398,NaN,NaN,NaN,NaN,NaN
3.0,446.204745,NaN,NaN,NaN,NaN,NaN
3.0,338.570486,NaN,NaN,NaN,NaN,NaN
3.0,386.285417,NaN,NaN,NaN,NaN,NaN
3.0,418.722106,NaN,NaN,NaN,NaN,NaN
4.0,928.761304,NaN,NaN,NaN,NaN,NaN
4.0,690.709722,NaN,NaN,NaN,NaN,NaN
4.0,880.948534,NaN,NaN,NaN,NaN,NaN
4.0,1242.376196,NaN,NaN,NaN,NaN,NaN
4.0,1072.597222,NaN,NaN,NaN,NaN,NaN
4.0,1623.104938,NaN,NaN,NaN,NaN,NaN
4.0,650.646875,NaN,NaN,NaN,NaN,NaN
4.0,1013.55787,NaN,NaN,NaN,NaN,NaN
4.0,1122.079167,NaN,NaN,NaN,NaN,NaN
4.0,736.653241,NaN,NaN,NaN,NaN,NaN
4.0,740.470255,NaN,NaN,NaN,NaN,NaN
4.0,595.005671,NaN,NaN,NaN,NaN,NaN
4.0,898.265162,NaN,NaN,NaN,NaN,NaN
4.0,958.459028,NaN,NaN,NaN,NaN,NaN
4.0,786.121412,NaN,NaN,NaN,NaN,NaN
4.0,1102.200347,NaN,NaN,NaN,NaN,NaN
4.0,1422.760069,NaN,NaN,NaN,NaN,NaN
4.0,1202.168171,NaN,NaN,NaN,NaN,NaN
4.0,1217.91169,NaN,NaN,NaN,NaN,NaN
4.0,1204.067477,NaN,NaN,NaN,NaN,NaN
4.0,795.8125,NaN,NaN,NaN,NaN,NaN
4.0,1430.525116,NaN,NaN,NaN,NaN,NaN
4.0,1614.884375,NaN,NaN,NaN,NaN,NaN
4.0,1823.905324,NaN,NaN,NaN,NaN,NaN
4.0,627.185185,NaN,NaN,NaN,NaN,NaN
4.0,584.29375,NaN,NaN,NaN,NaN,NaN
4.0,551.487654,NaN,NaN,NaN,NaN,NaN
4.0,670.106675,NaN,NaN,NaN,NaN,NaN
4.0,793.163195,NaN,NaN,NaN,NaN,NaN
4.0,731.650772,NaN,NaN,NaN,NaN,NaN
4.0,626.767014,NaN,NaN,NaN,NaN,NaN
4.0,647.353472,NaN,NaN,NaN,NaN,NaN
4.0,607.435069,NaN,NaN,NaN,NaN,NaN
4.0,590.218981,NaN,NaN,NaN,NaN,NaN
4.0,589.375231,NaN,NaN,NaN,NaN,NaN
4.0,573.287037,NaN,NaN,NaN,NaN,NaN
4.0,480.306597,NaN,NaN,NaN,NaN,NaN
4.0,541.917477,NaN,NaN,NaN,NaN,NaN
4.0,632.238889,NaN,NaN,NaN,NaN,NaN
4.0,776.012616,NaN,NaN,NaN,NaN,NaN
4.0,635.321181,NaN,NaN,NaN,NaN,NaN
4.0,598.986227,NaN,NaN,NaN,NaN,NaN
4.0,784.825116,NaN,NaN,NaN,NaN,NaN
4.0,722.133681,NaN,NaN,NaN,NaN,NaN
4.0,872.530787,NaN,NaN,NaN,NaN,NaN
4.0,650.693866,NaN,NaN,NaN,NaN,NaN
4.0,697.335648,NaN,NaN,NaN,NaN,NaN
4.0,846.922801,NaN,NaN,NaN,NaN,NaN
5.0,914.76659,NaN,NaN,NaN,NaN,NaN
5.0,804.908989,NaN,NaN,NaN,NaN,NaN
5.0,1277.00108,NaN,NaN,NaN,NaN,NaN
5.0,1196.672107,NaN,NaN,NaN,NaN,NaN
5.0,1220.337539,NaN,NaN,NaN,NaN,NaN
5.0,2076.849113,NaN,NaN,NaN,NaN,NaN
5.0,598.397917,NaN,NaN,NaN,NaN,NaN
5.0,1035.585417,NaN,NaN,NaN,NaN,NaN
5.0,1110.316435,NaN,NaN,NaN,NaN,NaN
5.0,931.316782,NaN,NaN,NaN,NaN,NaN
5.0,763.818056,NaN,NaN,NaN,NaN,NaN
5.0,719.59213,NaN,NaN,NaN,NaN,NaN
5.0,1400.128356,NaN,NaN,NaN,NaN,NaN
5.0,1341.426505,NaN,NaN,NaN,NaN,NaN
5.0,1089.44838,NaN,NaN,NaN,NaN,NaN
5.0,1126.599769,NaN,NaN,NaN,NaN,NaN
5.0,1260.842824,NaN,NaN,NaN,NaN,NaN
5.0,1202.573727,NaN,NaN,NaN,NaN,NaN
5.0,1323.855208,NaN,NaN,NaN,NaN,NaN
5.0,1326.023264,NaN,NaN,NaN,NaN,NaN
5.0,1011.134144,NaN,NaN,NaN,NaN,NaN
5.0,1935.523958,NaN,NaN,NaN,NaN,NaN
5.0,2078.344792,NaN,NaN,NaN,NaN,NaN
5.0,2216.678588,NaN,NaN,NaN,NaN,NaN
5.0,1055.706481,NaN,NaN,NaN,NaN,NaN
5.0,1028.857523,NaN,NaN,NaN,NaN,NaN
5.0,932.248611,NaN,NaN,NaN,NaN,NaN
5.0,1170.91088,NaN,NaN,NaN,NaN,NaN
5.0,1328.350116,NaN,NaN,NaN,NaN,NaN
5.0,1291.676042,NaN,NaN,NaN,NaN,NaN
5.0,1094.441782,NaN,NaN,NaN,NaN,NaN
5.0,1084.315046,NaN,NaN,NaN,NaN,NaN
5.0,988.362616,NaN,NaN,NaN,NaN,NaN
5.0,1050.767477,NaN,NaN,NaN,NaN,NaN
5.0,1061.95463,NaN,NaN,NaN,NaN,NaN
5.0,973.850463,NaN,NaN,NaN,NaN,NaN
5.0,824.098727,NaN,NaN,NaN,NaN,NaN
5.0,918.609375,NaN,NaN,NaN,NaN,NaN
5.0,1054.037731,NaN,NaN,NaN,NaN,NaN
5.0,1414.180556,NaN,NaN,NaN,NaN,NaN
5.0,1057.495602,NaN,NaN,NaN,NaN,NaN
5.0,1041.056481,NaN,NaN,NaN,NaN,NaN
5.0,1240.018519,NaN,NaN,NaN,NaN,NaN
5.0,1163.588773,NaN,NaN,NaN,NaN,NaN
5.0,1581.443056,NaN,NaN,NaN,NaN,NaN
5.0,1072.407986,NaN,NaN,NaN,NaN,NaN
5.0,1338.002546,NaN,NaN,NaN,NaN,NaN
5.0,1464.617593,NaN,NaN,NaN,NaN,NaN
6.0,867.729823,NaN,NaN,NaN,NaN,NaN
6.0,1188.288657,NaN,NaN,NaN,NaN,NaN
6.0,1612.01223,NaN,NaN,NaN,NaN,NaN
6.0,1151.698109,NaN,NaN,NaN,NaN,NaN
6.0,1524.237886,NaN,NaN,NaN,NaN,NaN
6.0,2482.367593,NaN,NaN,NaN,NaN,NaN
6.0,651.939468,NaN,NaN,NaN,NaN,NaN
6.0,838.196412,NaN,NaN,NaN,NaN,NaN
6.0,1113.053588,NaN,NaN,NaN,NaN,NaN
6.0,1271.737847,NaN,NaN,NaN,NaN,NaN
6.0,1179.996759,NaN,NaN,NaN,NaN,NaN
6.0,1113.131366,NaN,NaN,NaN,NaN,NaN
6.0,1596.895255,NaN,NaN,NaN,NaN,NaN
6.0,1733.451157,NaN,NaN,NaN,NaN,NaN
6.0,1505.690278,NaN,NaN,NaN,NaN,NaN
6.0,1039.977083,NaN,NaN,NaN,NaN,NaN
6.0,1248.45081,NaN,NaN,NaN,NaN,NaN
6.0,1166.666435,NaN,NaN,NaN,NaN,NaN
6.0,1663.25162,NaN,NaN,NaN,NaN,NaN
6.0,1561.317477,NaN,NaN,NaN,NaN,NaN
6.0,1348.14456,NaN,NaN,NaN,NaN,NaN
6.0,2040.774421,NaN,NaN,NaN,NaN,NaN
6.0,2543.451042,NaN,NaN,NaN,NaN,NaN
6.0,2862.877315,NaN,NaN,NaN,NaN,NaN
6.0,1644.432755,NaN,NaN,NaN,NaN,NaN
6.0,1728.468171,NaN,NaN,NaN,NaN,NaN
6.0,1630.143596,NaN,NaN,NaN,NaN,NaN
6.0,1348.338002,NaN,NaN,NaN,NaN,NaN
6.0,1947.658218,NaN,NaN,NaN,NaN,NaN
6.0,1980.231559,NaN,NaN,NaN,NaN,NaN
6.0,1774.401157,NaN,NaN,NaN,NaN,NaN
6.0,1654.999306,NaN,NaN,NaN,NaN,NaN
6.0,1503.897801,NaN,NaN,NaN,NaN,NaN
6.0,1727.418981,NaN,NaN,NaN,NaN,NaN
6.0,1799.878241,NaN,NaN,NaN,NaN,NaN
6.0,1658.107292,NaN,NaN,NaN,NaN,NaN
6.0,1412.739931,NaN,NaN,NaN,NaN,NaN
6.0,1639.093981,NaN,NaN,NaN,NaN,NaN
6.0,1838.596875,NaN,NaN,NaN,NaN,NaN
6.0,1544.120255,NaN,NaN,NaN,NaN,NaN
6.0,1239.394676,NaN,NaN,NaN,NaN,NaN
6.0,1261.499074,NaN,NaN,NaN,NaN,NaN
6.0,1740.177431,NaN,NaN,NaN,NaN,NaN
6.0,1747.665856,NaN,NaN,NaN,NaN,NaN
6.0,2355.131366,NaN,NaN,NaN,NaN,NaN
6.0,1715.290162,NaN,NaN,NaN,NaN,NaN
6.0,2087.603588,NaN,NaN,NaN,NaN,NaN
6.0,2137.800926,NaN,NaN,NaN,NaN,NaN
7.0,681.912963,NaN,NaN,NaN,NaN,NaN
7.0,1563.538156,NaN,NaN,NaN,NaN,NaN
7.0,2016.424422,NaN,NaN,NaN,NaN,NaN
7.0,908.636651,NaN,NaN,NaN,NaN,NaN
7.0,1784.317361,NaN,NaN,NaN,NaN,NaN
7.0,2895.899846,NaN,NaN,NaN,NaN,NaN
7.0,492.01713,NaN,NaN,NaN,NaN,NaN
7.0,659.23588,NaN,NaN,NaN,NaN,NaN
7.0,894.48588,NaN,NaN,NaN,NaN,NaN
7.0,1557.258333,NaN,NaN,NaN,NaN,NaN
7.0,1607.083449,NaN,NaN,NaN,NaN,NaN
7.0,1526.272685,NaN,NaN,NaN,NaN,NaN
7.0,2109.59213,NaN,NaN,NaN,NaN,NaN
7.0,2256.806019,NaN,NaN,NaN,NaN,NaN
7.0,1682.875116,NaN,NaN,NaN,NaN,NaN
7.0,856.91412,NaN,NaN,NaN,NaN,NaN
7.0,1006.368287,NaN,NaN,NaN,NaN,NaN
7.0,862.627546,NaN,NaN,NaN,NaN,NaN
7.0,1915.288079,NaN,NaN,NaN,NaN,NaN
7.0,1878.018403,NaN,NaN,NaN,NaN,NaN
7.0,1559.645602,NaN,NaN,NaN,NaN,NaN
7.0,2616.218287,NaN,NaN,NaN,NaN,NaN
7.0,3012.324421,NaN,NaN,NaN,NaN,NaN
7.0,3059.156829,NaN,NaN,NaN,NaN,NaN
7.0,1888.79267,NaN,NaN,NaN,NaN,NaN
7.0,2346.510378,NaN,NaN,NaN,NaN,NaN
7.0,2349.248958,NaN,NaN,NaN,NaN,NaN
7.0,1881.759761,NaN,NaN,NaN,NaN,NaN
7.0,2594.510609,NaN,NaN,NaN,NaN,NaN
7.0,2670.847839,NaN,NaN,NaN,NaN,NaN
7.0,1952.39294,NaN,NaN,NaN,NaN,NaN
7.0,2015.008796,NaN,NaN,NaN,NaN,NaN
7.0,1698.976273,NaN,NaN,NaN,NaN,NaN
7.0,2237.825,NaN,NaN,NaN,NaN,NaN
7.0,2408.152546,NaN,NaN,NaN,NaN,NaN
7.0,2393.553588,NaN,NaN,NaN,NaN,NaN
7.0,2077.490046,NaN,NaN,NaN,NaN,NaN
7.0,2280.544676,NaN,NaN,NaN,NaN,NaN
7.0,2689.712153,NaN,NaN,NaN,NaN,NaN
7.0,1789.116667,NaN,NaN,NaN,NaN,NaN
7.0,1957.183912,NaN,NaN,NaN,NaN,NaN
7.0,1898.978704,NaN,NaN,NaN,NaN,NaN
7.0,2377.378588,NaN,NaN,NaN,NaN,NaN
7.0,2525.786921,NaN,NaN,NaN,NaN,NaN
7.0,2880.366319,NaN,NaN,NaN,NaN,NaN
7.0,2522.267361,NaN,NaN,NaN,NaN,NaN
7.0,2653.206134,NaN,NaN,NaN,NaN,NaN
7.0,2837.070023,NaN,NaN,NaN,NaN,NaN
8.0,481.738503,NaN,NaN,NaN,NaN,NaN
8.0,1634.130247,NaN,NaN,NaN,NaN,NaN
8.0,2081.411111,NaN,NaN,NaN,NaN,NaN
8.0,684.295756,NaN,NaN,NaN,NaN,NaN
8.0,1754.768094,NaN,NaN,NaN,NaN,NaN
8.0,2949.133025,NaN,NaN,NaN,NaN,NaN
8.0,395.85463,NaN,NaN,NaN,NaN,NaN
8.0,466.916435,NaN,NaN,NaN,NaN,NaN
8.0,582.444444,NaN,NaN,NaN,NaN,NaN
8.0,1576.301736,NaN,NaN,NaN,NaN,NaN
8.0,1691.043056,NaN,NaN,NaN,NaN,NaN
8.0,1635.045949,NaN,NaN,NaN,NaN,NaN
8.0,2174.627662,NaN,NaN,NaN,NaN,NaN
8.0,2179.494097,NaN,NaN,NaN,NaN,NaN
8.0,1890.111574,NaN,NaN,NaN,NaN,NaN
8.0,704.287616,NaN,NaN,NaN,NaN,NaN
8.0,722.435185,NaN,NaN,NaN,NaN,NaN
8.0,626.164468,NaN,NaN,NaN,NaN,NaN
8.0,1869.473148,NaN,NaN,NaN,NaN,NaN
8.0,1834.733912,NaN,NaN,NaN,NaN,NaN
8.0,1560.097222,NaN,NaN,NaN,NaN,NaN
8.0,2696.233796,NaN,NaN,NaN,NaN,NaN
8.0,3043.966898,NaN,NaN,NaN,NaN,NaN
8.0,3107.19838,NaN,NaN,NaN,NaN,NaN
8.0,1640.846373,NaN,NaN,NaN,NaN,NaN
8.0,2305.369097,NaN,NaN,NaN,NaN,NaN
8.0,2344.200309,NaN,NaN,NaN,NaN,NaN
8.0,1606.188773,NaN,NaN,NaN,NaN,NaN
8.0,2352.010648,NaN,NaN,NaN,NaN,NaN
8.0,2545.009915,NaN,NaN,NaN,NaN,NaN
8.0,1643.588657,NaN,NaN,NaN,NaN,NaN
8.0,1789.357176,NaN,NaN,NaN,NaN,NaN
8.0,1489.593287,NaN,NaN,NaN,NaN,NaN
8.0,2035.690394,NaN,NaN,NaN,NaN,NaN
8.0,2466.047569,NaN,NaN,NaN,NaN,NaN
8.0,2414.369329,NaN,NaN,NaN,NaN,NaN
8.0,2157.079398,NaN,NaN,NaN,NaN,NaN
8.0,2451.959259,NaN,NaN,NaN,NaN,NaN
8.0,2423.562269,NaN,NaN,NaN,NaN,NaN
8.0,1593.043519,NaN,NaN,NaN,NaN,NaN
8.0,1651.27037,NaN,NaN,NaN,NaN,NaN
8.0,1574.252431,NaN,NaN,NaN,NaN,NaN
8.0,2284.593866,NaN,NaN,NaN,NaN,NaN
8.0,2395.960764,NaN,NaN,NaN,NaN,NaN
8.0,2375.477315,NaN,NaN,NaN,NaN,NaN
8.0,2507.567708,NaN,NaN,NaN,NaN,NaN
8.0,2475.070602,NaN,NaN,NaN,NaN,NaN
8.0,2652.391435,NaN,NaN,NaN,NaN,NaN
9.0,333.675617,NaN,NaN,NaN,NaN,NaN
9.0,1556.192554,NaN,NaN,NaN,NaN,NaN
9.0,2395.054707,NaN,NaN,NaN,NaN,NaN
9.0,451.471335,NaN,NaN,NaN,NaN,NaN
9.0,1630.943518,NaN,NaN,NaN,NaN,NaN
9.0,3220.295872,NaN,NaN,NaN,NaN,NaN
9.0,267.103819,NaN,NaN,NaN,NaN,NaN
9.0,344.269329,NaN,NaN,NaN,NaN,NaN
9.0,389.653704,NaN,NaN,NaN,NaN,NaN
9.0,1425.170255,NaN,NaN,NaN,NaN,NaN
9.0,1584.317824,NaN,NaN,NaN,NaN,NaN
9.0,1659.089583,NaN,NaN,NaN,NaN,NaN
9.0,2506.363889,NaN,NaN,NaN,NaN,NaN
9.0,2479.985185,NaN,NaN,NaN,NaN,NaN
9.0,2198.815046,NaN,NaN,NaN,NaN,NaN
9.0,425.967361,NaN,NaN,NaN,NaN,NaN
9.0,495.059144,NaN,NaN,NaN,NaN,NaN
9.0,433.3875,NaN,NaN,NaN,NaN,NaN
9.0,1603.51331,NaN,NaN,NaN,NaN,NaN
9.0,1728.071412,NaN,NaN,NaN,NaN,NaN
9.0,1561.245833,NaN,NaN,NaN,NaN,NaN
9.0,2886.875116,NaN,NaN,NaN,NaN,NaN
9.0,3365.264815,NaN,NaN,NaN,NaN,NaN
9.0,3408.747685,NaN,NaN,NaN,NaN,NaN
9.0,2390.450656,NaN,NaN,NaN,NaN,NaN
9.0,3049.632677,NaN,NaN,NaN,NaN,NaN
9.0,3261.814429,NaN,NaN,NaN,NaN,NaN
9.0,2421.258526,NaN,NaN,NaN,NaN,NaN
9.0,3220.085031,NaN,NaN,NaN,NaN,NaN
9.0,3548.798727,NaN,NaN,NaN,NaN,NaN
9.0,2492.358449,NaN,NaN,NaN,NaN,NaN
9.0,2328.386921,NaN,NaN,NaN,NaN,NaN
9.0,2350.606597,NaN,NaN,NaN,NaN,NaN
9.0,2842.74294,NaN,NaN,NaN,NaN,NaN
9.0,3178.341319,NaN,NaN,NaN,NaN,NaN
9.0,3127.813773,NaN,NaN,NaN,NaN,NaN
9.0,3053.332176,NaN,NaN,NaN,NaN,NaN
9.0,3249.810995,NaN,NaN,NaN,NaN,NaN
9.0,3482.300116,NaN,NaN,NaN,NaN,NaN
9.0,2385.082407,NaN,NaN,NaN,NaN,NaN
9.0,2504.958218,NaN,NaN,NaN,NaN,NaN
9.0,2373.734954,NaN,NaN,NaN,NaN,NaN
9.0,3032.127778,NaN,NaN,NaN,NaN,NaN
9.0,3171.603819,NaN,NaN,NaN,NaN,NaN
9.0,3456.523495,NaN,NaN,NaN,NaN,NaN
9.0,3487.466319,NaN,NaN,NaN,NaN,NaN
9.0,3541.178935,NaN,NaN,NaN,NaN,NaN
9.0,3617.750926,NaN,NaN,NaN,NaN,NaN
10.0,232.341744,NaN,NaN,NaN,NaN,NaN
10.0,1522.992284,NaN,NaN,NaN,NaN,NaN
10.0,2537.198418,NaN,NaN,NaN,NaN,NaN
10.0,351.642129,NaN,NaN,NaN,NaN,NaN
10.0,1765.695949,NaN,NaN,NaN,NaN,NaN
10.0,2758.770833,NaN,NaN,NaN,NaN,NaN
10.0,201.815394,NaN,NaN,NaN,NaN,NaN
10.0,240.090162,NaN,NaN,NaN,NaN,NaN
10.0,255.119676,NaN,NaN,NaN,NaN,NaN
10.0,1622.392708,NaN,NaN,NaN,NaN,NaN
10.0,1759.786343,NaN,NaN,NaN,NaN,NaN
10.0,1186.797801,NaN,NaN,NaN,NaN,NaN
10.0,2712.872801,NaN,NaN,NaN,NaN,NaN
10.0,2663.041204,NaN,NaN,NaN,NaN,NaN
10.0,2235.68125,NaN,NaN,NaN,NaN,NaN
10.0,370.128356,NaN,NaN,NaN,NaN,NaN
10.0,401.274074,NaN,NaN,NaN,NaN,NaN
10.0,283.523958,NaN,NaN,NaN,NaN,NaN
10.0,1878.830903,NaN,NaN,NaN,NaN,NaN
10.0,1713.246759,NaN,NaN,NaN,NaN,NaN
10.0,1705.010185,NaN,NaN,NaN,NaN,NaN
10.0,2591.903588,NaN,NaN,NaN,NaN,NaN
10.0,2762.65162,NaN,NaN,NaN,NaN,NaN
10.0,2921.757292,NaN,NaN,NaN,NaN,NaN
10.0,1885.212654,NaN,NaN,NaN,NaN,NaN
10.0,3134.858873,NaN,NaN,NaN,NaN,NaN
10.0,2744.403163,NaN,NaN,NaN,NaN,NaN
10.0,1957.23804,NaN,NaN,NaN,NaN,NaN
10.0,2953.806752,NaN,NaN,NaN,NaN,NaN
10.0,2897.710455,NaN,NaN,NaN,NaN,NaN
10.0,1762.939468,NaN,NaN,NaN,NaN,NaN
10.0,2005.652199,NaN,NaN,NaN,NaN,NaN
10.0,1887.046296,NaN,NaN,NaN,NaN,NaN
10.0,2867.669676,NaN,NaN,NaN,NaN,NaN
10.0,3153.338773,NaN,NaN,NaN,NaN,NaN
10.0,3383.568171,NaN,NaN,NaN,NaN,NaN
10.0,2375.641898,NaN,NaN,NaN,NaN,NaN
10.0,3001.510648,NaN,NaN,NaN,NaN,NaN
10.0,2856.056944,NaN,NaN,NaN,NaN,NaN
10.0,2121.842824,NaN,NaN,NaN,NaN,NaN
10.0,1840.48669,NaN,NaN,NaN,NaN,NaN
10.0,1909.384606,NaN,NaN,NaN,NaN,NaN
10.0,2794.635532,NaN,NaN,NaN,NaN,NaN
10.0,2856.253704,NaN,NaN,NaN,NaN,NaN
10.0,3210.531019,NaN,NaN,NaN,NaN,NaN
10.0,2798.190278,NaN,NaN,NaN,NaN,NaN
10.0,3093.407523,NaN,NaN,NaN,NaN,NaN
10.0,2801.533565,NaN,NaN,NaN,NaN,NaN
11.0,155.320448,NaN,NaN,NaN,NaN,NaN
11.0,1608.247685,NaN,NaN,NaN,NaN,NaN
11.0,3073.8875,NaN,NaN,NaN,NaN,NaN
11.0,239.048881,NaN,NaN,NaN,NaN,NaN
11.0,1797.057716,NaN,NaN,NaN,NaN,NaN
11.0,3434.9652,NaN,NaN,NaN,NaN,NaN
11.0,142.7375,NaN,NaN,NaN,NaN,NaN
11.0,154.387616,NaN,NaN,NaN,NaN,NaN
11.0,168.836227,NaN,NaN,NaN,NaN,NaN
11.0,1660.895023,NaN,NaN,NaN,NaN,NaN
11.0,1811.184028,NaN,NaN,NaN,NaN,NaN
11.0,1352.664005,NaN,NaN,NaN,NaN,NaN
11.0,3321.203241,NaN,NaN,NaN,NaN,NaN
11.0,3170.084606,NaN,NaN,NaN,NaN,NaN
11.0,2730.374653,NaN,NaN,NaN,NaN,NaN
11.0,253.31875,NaN,NaN,NaN,NaN,NaN
11.0,267.150347,NaN,NaN,NaN,NaN,NaN
11.0,196.677546,NaN,NaN,NaN,NaN,NaN
11.0,2000.482523,NaN,NaN,NaN,NaN,NaN
11.0,1688.086111,NaN,NaN,NaN,NaN,NaN
11.0,1702.604514,NaN,NaN,NaN,NaN,NaN
11.0,3078.653356,NaN,NaN,NaN,NaN,NaN
11.0,3746.795023,NaN,NaN,NaN,NaN,NaN
11.0,3479.447222,NaN,NaN,NaN,NaN,NaN
11.0,2693.787886,NaN,NaN,NaN,NaN,NaN
11.0,3720.538503,NaN,NaN,NaN,NaN,NaN
11.0,3624.010957,NaN,NaN,NaN,NaN,NaN
11.0,2537.103395,NaN,NaN,NaN,NaN,NaN
11.0,3595.11142,NaN,NaN,NaN,NaN,NaN
11.0,3797.833449,NaN,NaN,NaN,NaN,NaN
11.0,2519.041088,NaN,NaN,NaN,NaN,NaN
11.0,2869.570023,NaN,NaN,NaN,NaN,NaN
11.0,2692.752546,NaN,NaN,NaN,NaN,NaN
11.0,3563.988542,NaN,NaN,NaN,NaN,NaN
11.0,3773.710532,NaN,NaN,NaN,NaN,NaN
11.0,3823.916435,NaN,NaN,NaN,NaN,NaN
11.0,3269.23287,NaN,NaN,NaN,NaN,NaN
11.0,3754.017361,NaN,NaN,NaN,NaN,NaN
11.0,3848.782639,NaN,NaN,NaN,NaN,NaN
11.0,2700.534144,NaN,NaN,NaN,NaN,NaN
11.0,2339.27662,NaN,NaN,NaN,NaN,NaN
11.0,2571.499421,NaN,NaN,NaN,NaN,NaN
11.0,3415.588542,NaN,NaN,NaN,NaN,NaN
11.0,3725.274421,NaN,NaN,NaN,NaN,NaN
11.0,3644.471296,NaN,NaN,NaN,NaN,NaN
11.0,3571.231829,NaN,NaN,NaN,NaN,NaN
11.0,3836.341551,NaN,NaN,NaN,NaN,NaN
11.0,3985.926968,NaN,NaN,NaN,NaN,NaN
12.0,103.907562,NaN,NaN,NaN,NaN,NaN
12.0,1500.928164,NaN,NaN,NaN,NaN,NaN
12.0,3042.368326,NaN,NaN,NaN,NaN,NaN
12.0,153.482562,NaN,NaN,NaN,NaN,NaN
12.0,1664.883989,NaN,NaN,NaN,NaN,NaN
12.0,3115.501775,NaN,NaN,NaN,NaN,NaN
12.0,79.883218,NaN,NaN,NaN,NaN,NaN
12.0,111.71794,NaN,NaN,NaN,NaN,NaN
12.0,120.121528,NaN,NaN,NaN,NaN,NaN
12.0,1586.632292,NaN,NaN,NaN,NaN,NaN
12.0,1507.908333,NaN,NaN,NaN,NaN,NaN
12.0,1408.243866,NaN,NaN,NaN,NaN,NaN
12.0,3123.035417,NaN,NaN,NaN,NaN,NaN
12.0,3118.76169,NaN,NaN,NaN,NaN,NaN
12.0,2885.30787,NaN,NaN,NaN,NaN,NaN
12.0,164.456134,NaN,NaN,NaN,NaN,NaN
12.0,176.625463,NaN,NaN,NaN,NaN,NaN
12.0,119.366088,NaN,NaN,NaN,NaN,NaN
12.0,1676.259259,NaN,NaN,NaN,NaN,NaN
12.0,1636.224074,NaN,NaN,NaN,NaN,NaN
12.0,1682.168634,NaN,NaN,NaN,NaN,NaN
12.0,2784.171528,NaN,NaN,NaN,NaN,NaN
12.0,3368.380556,NaN,NaN,NaN,NaN,NaN
12.0,3193.953241,NaN,NaN,NaN,NaN,NaN
12.0,2554.914468,NaN,NaN,NaN,NaN,NaN
12.0,2824.667709,NaN,NaN,NaN,NaN,NaN
12.0,2656.839391,NaN,NaN,NaN,NaN,NaN
12.0,2244.322531,NaN,NaN,NaN,NaN,NaN
12.0,2534.660455,NaN,NaN,NaN,NaN,NaN
12.0,2884.930286,NaN,NaN,NaN,NaN,NaN
12.0,2421.52419,NaN,NaN,NaN,NaN,NaN
12.0,2780.724884,NaN,NaN,NaN,NaN,NaN
12.0,2462.494329,NaN,NaN,NaN,NaN,NaN
12.0,2833.870139,NaN,NaN,NaN,NaN,NaN
12.0,2987.524769,NaN,NaN,NaN,NaN,NaN
12.0,2652.608218,NaN,NaN,NaN,NaN,NaN
12.0,2421.899306,NaN,NaN,NaN,NaN,NaN
12.0,2732.355903,NaN,NaN,NaN,NaN,NaN
12.0,2816.262963,NaN,NaN,NaN,NaN,NaN
12.0,2497.069676,NaN,NaN,NaN,NaN,NaN
12.0,2132.741088,NaN,NaN,NaN,NaN,NaN
12.0,2103.156829,NaN,NaN,NaN,NaN,NaN
12.0,2586.729282,NaN,NaN,NaN,NaN,NaN
12.0,2345.377431,NaN,NaN,NaN,NaN,NaN
12.0,2671.874653,NaN,NaN,NaN,NaN,NaN
12.0,2888.58588,NaN,NaN,NaN,NaN,NaN
12.0,3045.598264,NaN,NaN,NaN,NaN,NaN
12.0,2720.606713,NaN,NaN,NaN,NaN,NaN
13.0,71.525231,NaN,NaN,NaN,NaN,NaN
13.0,2011.225424,NaN,NaN,NaN,NaN,NaN
13.0,3537.746373,NaN,NaN,NaN,NaN,NaN
13.0,115.127353,NaN,NaN,NaN,NaN,NaN
13.0,1869.518326,NaN,NaN,NaN,NaN,NaN
13.0,3633.648958,NaN,NaN,NaN,NaN,NaN
13.0,76.093866,NaN,NaN,NaN,NaN,NaN
13.0,59.314583,NaN,NaN,NaN,NaN,NaN
13.0,79.167245,NaN,NaN,NaN,NaN,NaN
13.0,1877.774421,NaN,NaN,NaN,NaN,NaN
13.0,2191.277894,NaN,NaN,NaN,NaN,NaN
13.0,1964.623958,NaN,NaN,NaN,NaN,NaN
13.0,3500.011806,NaN,NaN,NaN,NaN,NaN
13.0,3638.49537,NaN,NaN,NaN,NaN,NaN
13.0,3474.731944,NaN,NaN,NaN,NaN,NaN
13.0,130.490278,NaN,NaN,NaN,NaN,NaN
13.0,127.391088,NaN,NaN,NaN,NaN,NaN
13.0,87.500694,NaN,NaN,NaN,NaN,NaN
13.0,2048.668866,NaN,NaN,NaN,NaN,NaN
13.0,1750.994792,NaN,NaN,NaN,NaN,NaN
13.0,1808.891319,NaN,NaN,NaN,NaN,NaN
13.0,3456.64213,NaN,NaN,NaN,NaN,NaN
13.0,3871.640972,NaN,NaN,NaN,NaN,NaN
13.0,3572.663773,NaN,NaN,NaN,NaN,NaN
13.0,3229.309028,NaN,NaN,NaN,NaN,NaN
13.0,3906.991705,NaN,NaN,NaN,NaN,NaN
13.0,3902.575039,NaN,NaN,NaN,NaN,NaN
13.0,2827.44294,NaN,NaN,NaN,NaN,NaN
13.0,3853.449229,NaN,NaN,NaN,NaN,NaN
13.0,4146.366088,NaN,NaN,NaN,NaN,NaN
13.0,3104.487153,NaN,NaN,NaN,NaN,NaN
13.0,3378.862847,NaN,NaN,NaN,NaN,NaN
13.0,3204.577083,NaN,NaN,NaN,NaN,NaN
13.0,3819.365278,NaN,NaN,NaN,NaN,NaN
13.0,3950.427431,NaN,NaN,NaN,NaN,NaN
13.0,3951.182407,NaN,NaN,NaN,NaN,NaN
13.0,3527.602199,NaN,NaN,NaN,NaN,NaN
13.0,4079.821528,NaN,NaN,NaN,NaN,NaN
13.0,4100.301389,NaN,NaN,NaN,NaN,NaN
13.0,2972.137384,NaN,NaN,NaN,NaN,NaN
13.0,2753.533218,NaN,NaN,NaN,NaN,NaN
13.0,2756.658218,NaN,NaN,NaN,NaN,NaN
13.0,3571.239468,NaN,NaN,NaN,NaN,NaN
13.0,3889.531713,NaN,NaN,NaN,NaN,NaN
13.0,4099.576505,NaN,NaN,NaN,NaN,NaN
13.0,4064.227199,NaN,NaN,NaN,NaN,NaN
13.0,4196.991319,NaN,NaN,NaN,NaN,NaN
13.0,4177.879745,NaN,NaN,NaN,NaN,NaN
14.0,36.609954,NaN,NaN,NaN,NaN,NaN
14.0,2445.406713,NaN,NaN,NaN,NaN,NaN
14.0,3458.380864,NaN,NaN,NaN,NaN,NaN
14.0,60.396605,NaN,NaN,NaN,NaN,NaN
14.0,2521.753626,NaN,NaN,NaN,NaN,NaN
14.0,3423.783179,NaN,NaN,NaN,NaN,NaN
14.0,38.263657,NaN,NaN,NaN,NaN,NaN
14.0,30.733565,NaN,NaN,NaN,NaN,NaN
14.0,40.832639,NaN,NaN,NaN,NaN,NaN
14.0,2186.158796,NaN,NaN,NaN,NaN,NaN
14.0,2183.648495,NaN,NaN,NaN,NaN,NaN
14.0,2966.412847,NaN,NaN,NaN,NaN,NaN
14.0,3554.566319,NaN,NaN,NaN,NaN,NaN
14.0,3486.07963,NaN,NaN,NaN,NaN,NaN
14.0,3334.496644,NaN,NaN,NaN,NaN,NaN
14.0,67.37419,NaN,NaN,NaN,NaN,NaN
14.0,64.456597,NaN,NaN,NaN,NaN,NaN
14.0,49.359028,NaN,NaN,NaN,NaN,NaN
14.0,2624.928819,NaN,NaN,NaN,NaN,NaN
14.0,2176.738889,NaN,NaN,NaN,NaN,NaN
14.0,2763.593171,NaN,NaN,NaN,NaN,NaN
14.0,3188.413773,NaN,NaN,NaN,NaN,NaN
14.0,3582.51713,NaN,NaN,NaN,NaN,NaN
14.0,3500.418634,NaN,NaN,NaN,NaN,NaN
14.0,3171.784761,NaN,NaN,NaN,NaN,NaN
14.0,4011.975926,NaN,NaN,NaN,NaN,NaN
14.0,2987.771682,NaN,NaN,NaN,NaN,NaN
14.0,3433.938387,NaN,NaN,NaN,NaN,NaN
14.0,4116.669907,NaN,NaN,NaN,NaN,NaN
14.0,3326.884761,NaN,NaN,NaN,NaN,NaN
14.0,2944.679398,NaN,NaN,NaN,NaN,NaN
14.0,3197.698495,NaN,NaN,NaN,NaN,NaN
14.0,3372.976389,NaN,NaN,NaN,NaN,NaN
14.0,4076.656944,NaN,NaN,NaN,NaN,NaN
14.0,4256.412269,NaN,NaN,NaN,NaN,NaN
14.0,3702.858565,NaN,NaN,NaN,NaN,NaN
14.0,2836.626042,NaN,NaN,NaN,NaN,NaN
14.0,3193.987384,NaN,NaN,NaN,NaN,NaN
14.0,2932.70162,NaN,NaN,NaN,NaN,NaN
14.0,3251.699306,NaN,NaN,NaN,NaN,NaN
14.0,3319.551273,NaN,NaN,NaN,NaN,NaN
14.0,3730.564583,NaN,NaN,NaN,NaN,NaN
14.0,4061.074537,NaN,NaN,NaN,NaN,NaN
14.0,4174.659028,NaN,NaN,NaN,NaN,NaN
14.0,4114.276157,NaN,NaN,NaN,NaN,NaN
14.0,3221.911574,NaN,NaN,NaN,NaN,NaN
14.0,3215.121065,NaN,NaN,NaN,NaN,NaN
14.0,3543.621644,NaN,NaN,NaN,NaN,NaN
