Image,Area Âµm^2
75-25_A2780_20and30_IC50treat_Day10_FITC_Tile-0_A1.tif,1121.7319444444445
75-25_A2780_20and30_IC50treat_Day10_FITC_Tile-0_A4.tif,1068.334027777778
75-25_A2780_20and30_IC50treat_Day10_FITC_Tile-0_B1.tif,846.4805555555555
75-25_A2780_20and30_IC50treat_Day10_FITC_Tile-0_B4.tif,954.4055555555556
75-25_A2780_20and30_IC50treat_Day10_FITC_Tile-0_C1.tif,1186.0326388888889
75-25_A2780_20and30_IC50treat_Day10_FITC_Tile-0_C4.tif,879.3013888888888
75-25_A2780_20and30_IC50treat_Day10_FITC_Tile-1_A1.tif,1132.7020833333333
75-25_A2780_20and30_IC50treat_Day10_FITC_Tile-1_A4.tif,1806.790972222222
75-25_A2780_20and30_IC50treat_Day10_FITC_Tile-1_B1.tif,866.4090277777777
75-25_A2780_20and30_IC50treat_Day10_FITC_Tile-1_B4.tif,842.8548611111112
75-25_A2780_20and30_IC50treat_Day10_FITC_Tile-1_C1.tif,1199.8312500000002
75-25_A2780_20and30_IC50treat_Day10_FITC_Tile-1_C4.tif,1434.6826388888887
75-25_A2780_20and30_IC50treat_Day10_FITC_Tile-2_A1.tif,1769.3881944444445
75-25_A2780_20and30_IC50treat_Day10_FITC_Tile-2_A4.tif,2129.652777777778
75-25_A2780_20and30_IC50treat_Day10_FITC_Tile-2_B1.tif,1163.5083333333334
75-25_A2780_20and30_IC50treat_Day10_FITC_Tile-2_B4.tif,1663.1708333333333
75-25_A2780_20and30_IC50treat_Day10_FITC_Tile-2_C1.tif,1481.5520833333333
75-25_A2780_20and30_IC50treat_Day10_FITC_Tile-2_C4.tif,1160.2208333333333
75-25_A2780_20and30_IC50treat_Day10_FITC_Tile-3_A1.tif,1329.0145833333333
75-25_A2780_20and30_IC50treat_Day10_FITC_Tile-3_A4.tif,1360.086111111111
75-25_A2780_20and30_IC50treat_Day10_FITC_Tile-3_B1.tif,893.5583333333333
75-25_A2780_20and30_IC50treat_Day10_FITC_Tile-3_B4.tif,973.7944444444444
75-25_A2780_20and30_IC50treat_Day10_FITC_Tile-3_C1.tif,1084.8375
75-25_A2780_20and30_IC50treat_Day10_FITC_Tile-3_C4.tif,716.379861111111
75-25_A2780_20and30_IC50treat_Day10_FITC_Tile-4_A1.tif,1691.5819444444444
75-25_A2780_20and30_IC50treat_Day10_FITC_Tile-4_A4.tif,2719.3923611111113
75-25_A2780_20and30_IC50treat_Day10_FITC_Tile-4_B1.tif,1527.4194444444445
75-25_A2780_20and30_IC50treat_Day10_FITC_Tile-4_B4.tif,1450.5159722222222
75-25_A2780_20and30_IC50treat_Day10_FITC_Tile-4_C1.tif,1776.478472222222
75-25_A2780_20and30_IC50treat_Day10_FITC_Tile-4_C4.tif,1098.65
75-25_A2780_20and30_IC50treat_Day10_FITC_Tile-5_A1.tif,901.3604166666667
75-25_A2780_20and30_IC50treat_Day10_FITC_Tile-5_A4.tif,1797.3416666666667
75-25_A2780_20and30_IC50treat_Day10_FITC_Tile-5_B1.tif,1173.6243055555556
75-25_A2780_20and30_IC50treat_Day10_FITC_Tile-5_B4.tif,1202.7624999999998
75-25_A2780_20and30_IC50treat_Day10_FITC_Tile-5_C1.tif,2047.3909722222222
75-25_A2780_20and30_IC50treat_Day10_FITC_Tile-5_C4.tif,702.8993055555555
75-25_A2780_20and30_IC50treat_Day11_FITC_Tile-0_A1.tif,1772.8625000000002
75-25_A2780_20and30_IC50treat_Day11_FITC_Tile-0_A4.tif,1601.9423611111113
75-25_A2780_20and30_IC50treat_Day11_FITC_Tile-0_B1.tif,1129.6791666666666
75-25_A2780_20and30_IC50treat_Day11_FITC_Tile-0_B4.tif,1563.8520833333334
75-25_A2780_20and30_IC50treat_Day11_FITC_Tile-0_C1.tif,1768.8312500000002
75-25_A2780_20and30_IC50treat_Day11_FITC_Tile-0_C4.tif,1192.117361111111
75-25_A2780_20and30_IC50treat_Day11_FITC_Tile-1_A1.tif,1774.6722222222222
75-25_A2780_20and30_IC50treat_Day11_FITC_Tile-1_A4.tif,2380.3194444444443
75-25_A2780_20and30_IC50treat_Day11_FITC_Tile-1_B1.tif,1286.3854166666667
75-25_A2780_20and30_IC50treat_Day11_FITC_Tile-1_B4.tif,1259.90625
75-25_A2780_20and30_IC50treat_Day11_FITC_Tile-1_C1.tif,1716.9708333333333
75-25_A2780_20and30_IC50treat_Day11_FITC_Tile-1_C4.tif,1940.6374999999998
75-25_A2780_20and30_IC50treat_Day11_FITC_Tile-2_A1.tif,3050.9979166666667
75-25_A2780_20and30_IC50treat_Day11_FITC_Tile-2_A4.tif,2806.1965277777776
75-25_A2780_20and30_IC50treat_Day11_FITC_Tile-2_B1.tif,1866.326388888889
75-25_A2780_20and30_IC50treat_Day11_FITC_Tile-2_B4.tif,2865.3791666666666
75-25_A2780_20and30_IC50treat_Day11_FITC_Tile-2_C1.tif,2050.2590277777776
75-25_A2780_20and30_IC50treat_Day11_FITC_Tile-2_C4.tif,2115.1243055555556
75-25_A2780_20and30_IC50treat_Day11_FITC_Tile-3_A1.tif,1809.1680555555556
75-25_A2780_20and30_IC50treat_Day11_FITC_Tile-3_A4.tif,1707.3131944444444
75-25_A2780_20and30_IC50treat_Day11_FITC_Tile-3_B1.tif,1297.545138888889
75-25_A2780_20and30_IC50treat_Day11_FITC_Tile-3_B4.tif,1318.5569444444445
75-25_A2780_20and30_IC50treat_Day11_FITC_Tile-3_C1.tif,1448.8368055555557
75-25_A2780_20and30_IC50treat_Day11_FITC_Tile-3_C4.tif,1235.6993055555556
75-25_A2780_20and30_IC50treat_Day11_FITC_Tile-4_A1.tif,2129.398611111111
75-25_A2780_20and30_IC50treat_Day11_FITC_Tile-4_A4.tif,2905.0
75-25_A2780_20and30_IC50treat_Day11_FITC_Tile-4_B1.tif,2310.6222222222223
75-25_A2780_20and30_IC50treat_Day11_FITC_Tile-4_B4.tif,1820.903472222222
75-25_A2780_20and30_IC50treat_Day11_FITC_Tile-4_C1.tif,2074.445138888889
75-25_A2780_20and30_IC50treat_Day11_FITC_Tile-4_C4.tif,1452.56875
75-25_A2780_20and30_IC50treat_Day11_FITC_Tile-5_A1.tif,1121.6229166666667
75-25_A2780_20and30_IC50treat_Day11_FITC_Tile-5_A4.tif,1685.7833333333333
75-25_A2780_20and30_IC50treat_Day11_FITC_Tile-5_B1.tif,1688.06875
75-25_A2780_20and30_IC50treat_Day11_FITC_Tile-5_B4.tif,1399.0576388888887
75-25_A2780_20and30_IC50treat_Day11_FITC_Tile-5_C1.tif,2451.1916666666666
75-25_A2780_20and30_IC50treat_Day11_FITC_Tile-5_C4.tif,1091.670138888889
75-25_A2780_20and30_IC50treat_Day12_FITC_Tile-0_A1.tif,1217.0298611111111
75-25_A2780_20and30_IC50treat_Day12_FITC_Tile-0_A4.tif,1012.8444444444444
75-25_A2780_20and30_IC50treat_Day12_FITC_Tile-0_B1.tif,796.5958333333333
75-25_A2780_20and30_IC50treat_Day12_FITC_Tile-0_B4.tif,1073.4979166666667
75-25_A2780_20and30_IC50treat_Day12_FITC_Tile-0_C1.tif,1360.865277777778
75-25_A2780_20and30_IC50treat_Day12_FITC_Tile-0_C4.tif,584.9354166666667
75-25_A2780_20and30_IC50treat_Day12_FITC_Tile-1_A1.tif,1659.322222222222
75-25_A2780_20and30_IC50treat_Day12_FITC_Tile-1_A4.tif,1995.4638888888887
75-25_A2780_20and30_IC50treat_Day12_FITC_Tile-1_B1.tif,985.2159722222223
75-25_A2780_20and30_IC50treat_Day12_FITC_Tile-1_B4.tif,1211.132638888889
75-25_A2780_20and30_IC50treat_Day12_FITC_Tile-1_C1.tif,2110.672916666667
75-25_A2780_20and30_IC50treat_Day12_FITC_Tile-1_C4.tif,949.4534722222221
75-25_A2780_20and30_IC50treat_Day12_FITC_Tile-2_A1.tif,2557.042361111111
75-25_A2780_20and30_IC50treat_Day12_FITC_Tile-2_A4.tif,1291.5666666666666
75-25_A2780_20and30_IC50treat_Day12_FITC_Tile-2_B1.tif,1202.5048611111113
75-25_A2780_20and30_IC50treat_Day12_FITC_Tile-2_B4.tif,710.182638888889
75-25_A2780_20and30_IC50treat_Day12_FITC_Tile-2_C1.tif,1542.790972222222
75-25_A2780_20and30_IC50treat_Day12_FITC_Tile-2_C4.tif,618.1756944444445
75-25_A2780_20and30_IC50treat_Day12_FITC_Tile-3_A1.tif,1375.8944444444444
75-25_A2780_20and30_IC50treat_Day12_FITC_Tile-3_A4.tif,1319.2618055555556
75-25_A2780_20and30_IC50treat_Day12_FITC_Tile-3_B1.tif,1209.5631944444444
75-25_A2780_20and30_IC50treat_Day12_FITC_Tile-3_B4.tif,1109.1680555555556
75-25_A2780_20and30_IC50treat_Day12_FITC_Tile-3_C1.tif,1480.7756944444445
75-25_A2780_20and30_IC50treat_Day12_FITC_Tile-3_C4.tif,864.21875
75-25_A2780_20and30_IC50treat_Day12_FITC_Tile-4_A1.tif,1992.0812500000002
75-25_A2780_20and30_IC50treat_Day12_FITC_Tile-4_A4.tif,2077.0729166666665
75-25_A2780_20and30_IC50treat_Day12_FITC_Tile-4_B1.tif,1769.7305555555556
75-25_A2780_20and30_IC50treat_Day12_FITC_Tile-4_B4.tif,1194.6708333333333
75-25_A2780_20and30_IC50treat_Day12_FITC_Tile-4_C1.tif,2016.8354166666666
75-25_A2780_20and30_IC50treat_Day12_FITC_Tile-4_C4.tif,2032.573611111111
75-25_A2780_20and30_IC50treat_Day12_FITC_Tile-5_A1.tif,1422.5104166666667
75-25_A2780_20and30_IC50treat_Day12_FITC_Tile-5_A4.tif,1407.5902777777778
75-25_A2780_20and30_IC50treat_Day12_FITC_Tile-5_B1.tif,1248.8243055555556
75-25_A2780_20and30_IC50treat_Day12_FITC_Tile-5_B4.tif,810.9229166666667
75-25_A2780_20and30_IC50treat_Day12_FITC_Tile-5_C1.tif,1855.3812500000001
75-25_A2780_20and30_IC50treat_Day12_FITC_Tile-5_C4.tif,1069.8402777777778
75-25_A2780_20and30_IC50treat_Day13_FITC_Tile-0_A1.tif,1517.63125
75-25_A2780_20and30_IC50treat_Day13_FITC_Tile-0_A4.tif,1522.6611111111113
75-25_A2780_20and30_IC50treat_Day13_FITC_Tile-0_B1.tif,1882.5305555555558
75-25_A2780_20and30_IC50treat_Day13_FITC_Tile-0_B4.tif,1791.1020833333334
75-25_A2780_20and30_IC50treat_Day13_FITC_Tile-0_C1.tif,3330.6305555555555
75-25_A2780_20and30_IC50treat_Day13_FITC_Tile-0_C4.tif,1094.3506944444443
75-25_A2780_20and30_IC50treat_Day13_FITC_Tile-1_A1.tif,2703.3083333333334
75-25_A2780_20and30_IC50treat_Day13_FITC_Tile-1_A4.tif,2627.371527777778
75-25_A2780_20and30_IC50treat_Day13_FITC_Tile-1_B1.tif,1696.1854166666667
75-25_A2780_20and30_IC50treat_Day13_FITC_Tile-1_B4.tif,2881.7986111111113
75-25_A2780_20and30_IC50treat_Day13_FITC_Tile-1_C1.tif,2717.470138888889
75-25_A2780_20and30_IC50treat_Day13_FITC_Tile-1_C4.tif,1439.8430555555556
75-25_A2780_20and30_IC50treat_Day13_FITC_Tile-2_A1.tif,3623.284722222222
75-25_A2780_20and30_IC50treat_Day13_FITC_Tile-2_A4.tif,3089.211111111111
75-25_A2780_20and30_IC50treat_Day13_FITC_Tile-2_B1.tif,2151.140277777778
75-25_A2780_20and30_IC50treat_Day13_FITC_Tile-2_B4.tif,2524.8465277777777
75-25_A2780_20and30_IC50treat_Day13_FITC_Tile-2_C1.tif,2551.8680555555557
75-25_A2780_20and30_IC50treat_Day13_FITC_Tile-2_C4.tif,1798.4840277777778
75-25_A2780_20and30_IC50treat_Day13_FITC_Tile-3_A1.tif,2190.3805555555555
75-25_A2780_20and30_IC50treat_Day13_FITC_Tile-3_A4.tif,2872.8180555555555
75-25_A2780_20and30_IC50treat_Day13_FITC_Tile-3_B1.tif,2342.836111111111
75-25_A2780_20and30_IC50treat_Day13_FITC_Tile-3_B4.tif,2413.9375
75-25_A2780_20and30_IC50treat_Day13_FITC_Tile-3_C1.tif,1915.9291666666666
75-25_A2780_20and30_IC50treat_Day13_FITC_Tile-3_C4.tif,1412.7611111111112
75-25_A2780_20and30_IC50treat_Day13_FITC_Tile-4_A1.tif,2808.940972222222
75-25_A2780_20and30_IC50treat_Day13_FITC_Tile-4_A4.tif,3494.715277777778
75-25_A2780_20and30_IC50treat_Day13_FITC_Tile-4_B1.tif,2932.336111111111
75-25_A2780_20and30_IC50treat_Day13_FITC_Tile-4_B4.tif,2441.9465277777776
75-25_A2780_20and30_IC50treat_Day13_FITC_Tile-4_C1.tif,2619.3506944444443
75-25_A2780_20and30_IC50treat_Day13_FITC_Tile-4_C4.tif,1999.372222222222
75-25_A2780_20and30_IC50treat_Day13_FITC_Tile-5_A1.tif,2134.7
75-25_A2780_20and30_IC50treat_Day13_FITC_Tile-5_A4.tif,2045.4375
75-25_A2780_20and30_IC50treat_Day13_FITC_Tile-5_B1.tif,2937.9868055555553
75-25_A2780_20and30_IC50treat_Day13_FITC_Tile-5_B4.tif,1890.8229166666667
75-25_A2780_20and30_IC50treat_Day13_FITC_Tile-5_C1.tif,2420.3812500000004
75-25_A2780_20and30_IC50treat_Day13_FITC_Tile-5_C4.tif,2085.2944444444447
75-25_A2780_20and30_IC50treat_Day14_FITC_Tile-0_A1.tif,1368.86875
75-25_A2780_20and30_IC50treat_Day14_FITC_Tile-0_A4.tif,1323.0465277777778
75-25_A2780_20and30_IC50treat_Day14_FITC_Tile-0_B1.tif,889.7770833333333
75-25_A2780_20and30_IC50treat_Day14_FITC_Tile-0_B4.tif,1170.5555555555557
75-25_A2780_20and30_IC50treat_Day14_FITC_Tile-0_C1.tif,1258.3506944444443
75-25_A2780_20and30_IC50treat_Day14_FITC_Tile-0_C4.tif,1236.7645833333333
75-25_A2780_20and30_IC50treat_Day14_FITC_Tile-1_A1.tif,2225.0840277777775
75-25_A2780_20and30_IC50treat_Day14_FITC_Tile-1_A4.tif,2298.3652777777775
75-25_A2780_20and30_IC50treat_Day14_FITC_Tile-1_B1.tif,1084.3159722222222
75-25_A2780_20and30_IC50treat_Day14_FITC_Tile-1_B4.tif,1491.3006944444444
75-25_A2780_20and30_IC50treat_Day14_FITC_Tile-1_C1.tif,2607.054861111111
75-25_A2780_20and30_IC50treat_Day14_FITC_Tile-1_C4.tif,1304.0986111111113
75-25_A2780_20and30_IC50treat_Day14_FITC_Tile-2_A1.tif,1972.2479166666667
75-25_A2780_20and30_IC50treat_Day14_FITC_Tile-2_A4.tif,1577.4
75-25_A2780_20and30_IC50treat_Day14_FITC_Tile-2_B1.tif,1222.5819444444444
75-25_A2780_20and30_IC50treat_Day14_FITC_Tile-2_B4.tif,1044.7937499999998
75-25_A2780_20and30_IC50treat_Day14_FITC_Tile-2_C1.tif,2024.5243055555557
75-25_A2780_20and30_IC50treat_Day14_FITC_Tile-2_C4.tif,1044.4729166666666
75-25_A2780_20and30_IC50treat_Day14_FITC_Tile-3_A1.tif,1115.8597222222222
75-25_A2780_20and30_IC50treat_Day14_FITC_Tile-3_A4.tif,1386.2930555555556
75-25_A2780_20and30_IC50treat_Day14_FITC_Tile-3_B1.tif,1456.134722222222
75-25_A2780_20and30_IC50treat_Day14_FITC_Tile-3_B4.tif,1552.3993055555557
75-25_A2780_20and30_IC50treat_Day14_FITC_Tile-3_C1.tif,1335.5368055555555
75-25_A2780_20and30_IC50treat_Day14_FITC_Tile-3_C4.tif,1661.540972222222
75-25_A2780_20and30_IC50treat_Day14_FITC_Tile-4_A1.tif,2315.2430555555557
75-25_A2780_20and30_IC50treat_Day14_FITC_Tile-4_A4.tif,1749.2729166666666
75-25_A2780_20and30_IC50treat_Day14_FITC_Tile-4_B1.tif,2719.550694444444
75-25_A2780_20and30_IC50treat_Day14_FITC_Tile-4_B4.tif,1689.2118055555557
75-25_A2780_20and30_IC50treat_Day14_FITC_Tile-4_C1.tif,2575.8145833333333
75-25_A2780_20and30_IC50treat_Day14_FITC_Tile-4_C4.tif,2225.648611111111
75-25_A2780_20and30_IC50treat_Day14_FITC_Tile-5_A1.tif,1588.1256944444444
75-25_A2780_20and30_IC50treat_Day14_FITC_Tile-5_A4.tif,1733.4534722222222
75-25_A2780_20and30_IC50treat_Day14_FITC_Tile-5_B1.tif,1700.961111111111
75-25_A2780_20and30_IC50treat_Day14_FITC_Tile-5_B4.tif,1657.7881944444443
75-25_A2780_20and30_IC50treat_Day14_FITC_Tile-5_C1.tif,1388.5611111111111
75-25_A2780_20and30_IC50treat_Day14_FITC_Tile-5_C4.tif,1444.5972222222222
75-25_A2780_20and30_IC50treat_Day1_FITC_Tile-0_A1.tif,7.223611111111111
75-25_A2780_20and30_IC50treat_Day1_FITC_Tile-0_A4.tif,28.174999999999997
75-25_A2780_20and30_IC50treat_Day1_FITC_Tile-0_B1.tif,16.599305555555556
75-25_A2780_20and30_IC50treat_Day1_FITC_Tile-0_B4.tif,51.37013888888889
75-25_A2780_20and30_IC50treat_Day1_FITC_Tile-0_C1.tif,26.743055555555557
75-25_A2780_20and30_IC50treat_Day1_FITC_Tile-0_C4.tif,38.83819444444444
75-25_A2780_20and30_IC50treat_Day1_FITC_Tile-1_A1.tif,28.68333333333333
75-25_A2780_20and30_IC50treat_Day1_FITC_Tile-1_A4.tif,48.47430555555556
75-25_A2780_20and30_IC50treat_Day1_FITC_Tile-1_B1.tif,27.247916666666665
75-25_A2780_20and30_IC50treat_Day1_FITC_Tile-1_B4.tif,17.904166666666665
75-25_A2780_20and30_IC50treat_Day1_FITC_Tile-1_C1.tif,13.181249999999999
75-25_A2780_20and30_IC50treat_Day1_FITC_Tile-1_C4.tif,26.136805555555554
75-25_A2780_20and30_IC50treat_Day1_FITC_Tile-2_A1.tif,16.599305555555556
75-25_A2780_20and30_IC50treat_Day1_FITC_Tile-2_A4.tif,41.76875
75-25_A2780_20and30_IC50treat_Day1_FITC_Tile-2_B1.tif,31.91388888888889
75-25_A2780_20and30_IC50treat_Day1_FITC_Tile-2_B4.tif,21.438194444444445
75-25_A2780_20and30_IC50treat_Day1_FITC_Tile-2_C1.tif,22.898611111111112
75-25_A2780_20and30_IC50treat_Day1_FITC_Tile-2_C4.tif,19.600694444444443
75-25_A2780_20and30_IC50treat_Day1_FITC_Tile-3_A1.tif,20.12986111111111
75-25_A2780_20and30_IC50treat_Day1_FITC_Tile-3_A4.tif,27.586111111111112
75-25_A2780_20and30_IC50treat_Day1_FITC_Tile-3_B1.tif,21.56527777777778
75-25_A2780_20and30_IC50treat_Day1_FITC_Tile-3_B4.tif,14.073611111111111
75-25_A2780_20and30_IC50treat_Day1_FITC_Tile-3_C1.tif,23.339583333333334
75-25_A2780_20and30_IC50treat_Day1_FITC_Tile-3_C4.tif,36.49236111111111
75-25_A2780_20and30_IC50treat_Day1_FITC_Tile-4_A1.tif,31.645833333333332
75-25_A2780_20and30_IC50treat_Day1_FITC_Tile-4_A4.tif,34.295138888888886
75-25_A2780_20and30_IC50treat_Day1_FITC_Tile-4_B1.tif,22.334027777777777
75-25_A2780_20and30_IC50treat_Day1_FITC_Tile-4_B4.tif,28.178472222222222
75-25_A2780_20and30_IC50treat_Day1_FITC_Tile-4_C1.tif,21.720138888888886
75-25_A2780_20and30_IC50treat_Day1_FITC_Tile-4_C4.tif,33.575694444444444
75-25_A2780_20and30_IC50treat_Day1_FITC_Tile-5_A1.tif,16.475694444444443
75-25_A2780_20and30_IC50treat_Day1_FITC_Tile-5_A4.tif,60.392361111111114
75-25_A2780_20and30_IC50treat_Day1_FITC_Tile-5_B1.tif,21.9
75-25_A2780_20and30_IC50treat_Day1_FITC_Tile-5_B4.tif,20.905555555555555
75-25_A2780_20and30_IC50treat_Day1_FITC_Tile-5_C1.tif,47.89930555555556
75-25_A2780_20and30_IC50treat_Day1_FITC_Tile-5_C4.tif,29.582638888888887
75-25_A2780_20and30_IC50treat_Day2_FITC_Tile-0_A1.tif,8.518055555555556
75-25_A2780_20and30_IC50treat_Day2_FITC_Tile-0_A4.tif,41.984027777777776
75-25_A2780_20and30_IC50treat_Day2_FITC_Tile-0_B1.tif,28.97222222222222
75-25_A2780_20and30_IC50treat_Day2_FITC_Tile-0_B4.tif,47.056250000000006
75-25_A2780_20and30_IC50treat_Day2_FITC_Tile-0_C1.tif,75.3125
75-25_A2780_20and30_IC50treat_Day2_FITC_Tile-0_C4.tif,44.37916666666667
75-25_A2780_20and30_IC50treat_Day2_FITC_Tile-1_A1.tif,38.15347222222223
75-25_A2780_20and30_IC50treat_Day2_FITC_Tile-1_A4.tif,84.0951388888889
75-25_A2780_20and30_IC50treat_Day2_FITC_Tile-1_B1.tif,47.55347222222222
75-25_A2780_20and30_IC50treat_Day2_FITC_Tile-1_B4.tif,15.205555555555556
75-25_A2780_20and30_IC50treat_Day2_FITC_Tile-1_C1.tif,18.30972222222222
75-25_A2780_20and30_IC50treat_Day2_FITC_Tile-1_C4.tif,53.479166666666664
75-25_A2780_20and30_IC50treat_Day2_FITC_Tile-2_A1.tif,30.75347222222222
75-25_A2780_20and30_IC50treat_Day2_FITC_Tile-2_A4.tif,63.365972222222226
75-25_A2780_20and30_IC50treat_Day2_FITC_Tile-2_B1.tif,37.75833333333333
75-25_A2780_20and30_IC50treat_Day2_FITC_Tile-2_B4.tif,43.875
75-25_A2780_20and30_IC50treat_Day2_FITC_Tile-2_C1.tif,28.71458333333333
75-25_A2780_20and30_IC50treat_Day2_FITC_Tile-2_C4.tif,50.41041666666667
75-25_A2780_20and30_IC50treat_Day2_FITC_Tile-3_A1.tif,27.7875
75-25_A2780_20and30_IC50treat_Day2_FITC_Tile-3_A4.tif,78.31805555555555
75-25_A2780_20and30_IC50treat_Day2_FITC_Tile-3_B1.tif,11.290277777777778
75-25_A2780_20and30_IC50treat_Day2_FITC_Tile-3_B4.tif,33.83958333333333
75-25_A2780_20and30_IC50treat_Day2_FITC_Tile-3_C1.tif,27.120833333333334
75-25_A2780_20and30_IC50treat_Day2_FITC_Tile-3_C4.tif,83.94722222222222
75-25_A2780_20and30_IC50treat_Day2_FITC_Tile-4_A1.tif,54.106944444444444
75-25_A2780_20and30_IC50treat_Day2_FITC_Tile-4_A4.tif,75.38680555555555
75-25_A2780_20and30_IC50treat_Day2_FITC_Tile-4_B1.tif,24.51388888888889
75-25_A2780_20and30_IC50treat_Day2_FITC_Tile-4_B4.tif,50.361111111111114
75-25_A2780_20and30_IC50treat_Day2_FITC_Tile-4_C1.tif,26.245833333333334
75-25_A2780_20and30_IC50treat_Day2_FITC_Tile-4_C4.tif,48.354166666666664
75-25_A2780_20and30_IC50treat_Day2_FITC_Tile-5_A1.tif,28.32361111111111
75-25_A2780_20and30_IC50treat_Day2_FITC_Tile-5_A4.tif,78.28611111111111
75-25_A2780_20and30_IC50treat_Day2_FITC_Tile-5_B1.tif,35.65277777777778
75-25_A2780_20and30_IC50treat_Day2_FITC_Tile-5_B4.tif,43.99791666666667
75-25_A2780_20and30_IC50treat_Day2_FITC_Tile-5_C1.tif,53.56388888888889
75-25_A2780_20and30_IC50treat_Day2_FITC_Tile-5_C4.tif,41.24722222222223
75-25_A2780_20and30_IC50treat_Day3_FITC_Tile-0_A1.tif,13.135416666666666
75-25_A2780_20and30_IC50treat_Day3_FITC_Tile-0_A4.tif,107.84375
75-25_A2780_20and30_IC50treat_Day3_FITC_Tile-0_B1.tif,41.268055555555556
75-25_A2780_20and30_IC50treat_Day3_FITC_Tile-0_B4.tif,91.49513888888889
75-25_A2780_20and30_IC50treat_Day3_FITC_Tile-0_C1.tif,45.22222222222222
75-25_A2780_20and30_IC50treat_Day3_FITC_Tile-0_C4.tif,79.17500000000001
75-25_A2780_20and30_IC50treat_Day3_FITC_Tile-1_A1.tif,73.38680555555555
75-25_A2780_20and30_IC50treat_Day3_FITC_Tile-1_A4.tif,163.0125
75-25_A2780_20and30_IC50treat_Day3_FITC_Tile-1_B1.tif,52.86527777777778
75-25_A2780_20and30_IC50treat_Day3_FITC_Tile-1_B4.tif,30.591666666666665
75-25_A2780_20and30_IC50treat_Day3_FITC_Tile-1_C1.tif,35.15555555555555
75-25_A2780_20and30_IC50treat_Day3_FITC_Tile-1_C4.tif,97.85833333333333
75-25_A2780_20and30_IC50treat_Day3_FITC_Tile-2_A1.tif,49.47222222222222
75-25_A2780_20and30_IC50treat_Day3_FITC_Tile-2_A4.tif,105.85486111111112
75-25_A2780_20and30_IC50treat_Day3_FITC_Tile-2_B1.tif,44.88333333333333
75-25_A2780_20and30_IC50treat_Day3_FITC_Tile-2_B4.tif,41.275000000000006
75-25_A2780_20and30_IC50treat_Day3_FITC_Tile-2_C1.tif,36.72152777777777
75-25_A2780_20and30_IC50treat_Day3_FITC_Tile-2_C4.tif,50.77013888888889
75-25_A2780_20and30_IC50treat_Day3_FITC_Tile-3_A1.tif,45.02430555555556
75-25_A2780_20and30_IC50treat_Day3_FITC_Tile-3_A4.tif,108.41180555555555
75-25_A2780_20and30_IC50treat_Day3_FITC_Tile-3_B1.tif,40.516666666666666
75-25_A2780_20and30_IC50treat_Day3_FITC_Tile-3_B4.tif,32.770833333333336
75-25_A2780_20and30_IC50treat_Day3_FITC_Tile-3_C1.tif,71.30208333333333
75-25_A2780_20and30_IC50treat_Day3_FITC_Tile-3_C4.tif,110.5951388888889
75-25_A2780_20and30_IC50treat_Day3_FITC_Tile-4_A1.tif,82.23680555555556
75-25_A2780_20and30_IC50treat_Day3_FITC_Tile-4_A4.tif,123.7798611111111
75-25_A2780_20and30_IC50treat_Day3_FITC_Tile-4_B1.tif,38.358333333333334
75-25_A2780_20and30_IC50treat_Day3_FITC_Tile-4_B4.tif,75.37291666666667
75-25_A2780_20and30_IC50treat_Day3_FITC_Tile-4_C1.tif,31.399305555555557
75-25_A2780_20and30_IC50treat_Day3_FITC_Tile-4_C4.tif,85.23819444444445
75-25_A2780_20and30_IC50treat_Day3_FITC_Tile-5_A1.tif,40.361805555555556
75-25_A2780_20and30_IC50treat_Day3_FITC_Tile-5_A4.tif,130.65416666666667
75-25_A2780_20and30_IC50treat_Day3_FITC_Tile-5_B1.tif,65.03472222222223
75-25_A2780_20and30_IC50treat_Day3_FITC_Tile-5_B4.tif,65.43263888888889
75-25_A2780_20and30_IC50treat_Day3_FITC_Tile-5_C1.tif,90.28194444444445
75-25_A2780_20and30_IC50treat_Day3_FITC_Tile-5_C4.tif,72.16319444444444
75-25_A2780_20and30_IC50treat_Day4_FITC_Tile-0_A1.tif,22.644444444444446
75-25_A2780_20and30_IC50treat_Day4_FITC_Tile-0_A4.tif,105.49097222222223
75-25_A2780_20and30_IC50treat_Day4_FITC_Tile-0_B1.tif,111.58958333333334
75-25_A2780_20and30_IC50treat_Day4_FITC_Tile-0_B4.tif,216.54166666666666
75-25_A2780_20and30_IC50treat_Day4_FITC_Tile-0_C1.tif,41.89930555555556
75-25_A2780_20and30_IC50treat_Day4_FITC_Tile-0_C4.tif,137.87430555555557
75-25_A2780_20and30_IC50treat_Day4_FITC_Tile-1_A1.tif,119.74791666666667
75-25_A2780_20and30_IC50treat_Day4_FITC_Tile-1_A4.tif,299.29999999999995
75-25_A2780_20and30_IC50treat_Day4_FITC_Tile-1_B1.tif,167.55555555555554
75-25_A2780_20and30_IC50treat_Day4_FITC_Tile-1_B4.tif,140.1638888888889
75-25_A2780_20and30_IC50treat_Day4_FITC_Tile-1_C1.tif,83.36527777777778
75-25_A2780_20and30_IC50treat_Day4_FITC_Tile-1_C4.tif,166.03541666666666
75-25_A2780_20and30_IC50treat_Day4_FITC_Tile-2_A1.tif,92.23611111111111
75-25_A2780_20and30_IC50treat_Day4_FITC_Tile-2_A4.tif,154.0923611111111
75-25_A2780_20and30_IC50treat_Day4_FITC_Tile-2_B1.tif,85.86250000000001
75-25_A2780_20and30_IC50treat_Day4_FITC_Tile-2_B4.tif,129.27499999999998
75-25_A2780_20and30_IC50treat_Day4_FITC_Tile-2_C1.tif,119.46944444444443
75-25_A2780_20and30_IC50treat_Day4_FITC_Tile-2_C4.tif,110.88819444444444
75-25_A2780_20and30_IC50treat_Day4_FITC_Tile-3_A1.tif,101.27291666666666
75-25_A2780_20and30_IC50treat_Day4_FITC_Tile-3_A4.tif,185.2798611111111
75-25_A2780_20and30_IC50treat_Day4_FITC_Tile-3_B1.tif,78.61041666666667
75-25_A2780_20and30_IC50treat_Day4_FITC_Tile-3_B4.tif,70.48055555555555
75-25_A2780_20and30_IC50treat_Day4_FITC_Tile-3_C1.tif,121.88888888888889
75-25_A2780_20and30_IC50treat_Day4_FITC_Tile-3_C4.tif,220.3861111111111
75-25_A2780_20and30_IC50treat_Day4_FITC_Tile-4_A1.tif,91.47430555555555
75-25_A2780_20and30_IC50treat_Day4_FITC_Tile-4_A4.tif,184.90972222222223
75-25_A2780_20and30_IC50treat_Day4_FITC_Tile-4_B1.tif,51.895833333333336
75-25_A2780_20and30_IC50treat_Day4_FITC_Tile-4_B4.tif,81.12569444444445
75-25_A2780_20and30_IC50treat_Day4_FITC_Tile-4_C1.tif,98.21458333333334
75-25_A2780_20and30_IC50treat_Day4_FITC_Tile-4_C4.tif,197.88958333333332
75-25_A2780_20and30_IC50treat_Day4_FITC_Tile-5_A1.tif,73.67222222222222
75-25_A2780_20and30_IC50treat_Day4_FITC_Tile-5_A4.tif,240.2868055555556
75-25_A2780_20and30_IC50treat_Day4_FITC_Tile-5_B1.tif,100.73333333333333
75-25_A2780_20and30_IC50treat_Day4_FITC_Tile-5_B4.tif,113.05347222222223
75-25_A2780_20and30_IC50treat_Day4_FITC_Tile-5_C1.tif,172.67361111111111
75-25_A2780_20and30_IC50treat_Day4_FITC_Tile-5_C4.tif,111.74513888888889
75-25_A2780_20and30_IC50treat_Day5_FITC_Tile-0_A1.tif,22.450694444444444
75-25_A2780_20and30_IC50treat_Day5_FITC_Tile-0_A4.tif,217.93124999999998
75-25_A2780_20and30_IC50treat_Day5_FITC_Tile-0_B1.tif,149.65555555555557
75-25_A2780_20and30_IC50treat_Day5_FITC_Tile-0_B4.tif,161.18194444444444
75-25_A2780_20and30_IC50treat_Day5_FITC_Tile-0_C1.tif,119.875
75-25_A2780_20and30_IC50treat_Day5_FITC_Tile-0_C4.tif,160.0638888888889
75-25_A2780_20and30_IC50treat_Day5_FITC_Tile-1_A1.tif,262.49027777777775
75-25_A2780_20and30_IC50treat_Day5_FITC_Tile-1_A4.tif,527.8868055555555
75-25_A2780_20and30_IC50treat_Day5_FITC_Tile-1_B1.tif,235.55624999999998
75-25_A2780_20and30_IC50treat_Day5_FITC_Tile-1_B4.tif,100.34166666666667
75-25_A2780_20and30_IC50treat_Day5_FITC_Tile-1_C1.tif,162.37083333333334
75-25_A2780_20and30_IC50treat_Day5_FITC_Tile-1_C4.tif,189.25833333333333
75-25_A2780_20and30_IC50treat_Day5_FITC_Tile-2_A1.tif,129.50416666666666
75-25_A2780_20and30_IC50treat_Day5_FITC_Tile-2_A4.tif,249.84166666666664
75-25_A2780_20and30_IC50treat_Day5_FITC_Tile-2_B1.tif,157.5388888888889
75-25_A2780_20and30_IC50treat_Day5_FITC_Tile-2_B4.tif,153.0027777777778
75-25_A2780_20and30_IC50treat_Day5_FITC_Tile-2_C1.tif,192.52499999999998
75-25_A2780_20and30_IC50treat_Day5_FITC_Tile-2_C4.tif,159.19305555555556
75-25_A2780_20and30_IC50treat_Day5_FITC_Tile-3_A1.tif,102.76805555555556
75-25_A2780_20and30_IC50treat_Day5_FITC_Tile-3_A4.tif,307.72291666666666
75-25_A2780_20and30_IC50treat_Day5_FITC_Tile-3_B1.tif,127.30347222222223
75-25_A2780_20and30_IC50treat_Day5_FITC_Tile-3_B4.tif,115.52291666666666
75-25_A2780_20and30_IC50treat_Day5_FITC_Tile-3_C1.tif,173.79861111111111
75-25_A2780_20and30_IC50treat_Day5_FITC_Tile-3_C4.tif,284.40833333333336
75-25_A2780_20and30_IC50treat_Day5_FITC_Tile-4_A1.tif,179.78472222222223
75-25_A2780_20and30_IC50treat_Day5_FITC_Tile-4_A4.tif,369.67777777777775
75-25_A2780_20and30_IC50treat_Day5_FITC_Tile-4_B1.tif,102.07708333333333
75-25_A2780_20and30_IC50treat_Day5_FITC_Tile-4_B4.tif,223.85000000000002
75-25_A2780_20and30_IC50treat_Day5_FITC_Tile-4_C1.tif,182.94166666666666
75-25_A2780_20and30_IC50treat_Day5_FITC_Tile-4_C4.tif,259.8659722222222
75-25_A2780_20and30_IC50treat_Day5_FITC_Tile-5_A1.tif,89.05486111111111
75-25_A2780_20and30_IC50treat_Day5_FITC_Tile-5_A4.tif,358.18333333333334
75-25_A2780_20and30_IC50treat_Day5_FITC_Tile-5_B1.tif,159.0201388888889
75-25_A2780_20and30_IC50treat_Day5_FITC_Tile-5_B4.tif,233.44375000000002
75-25_A2780_20and30_IC50treat_Day5_FITC_Tile-5_C1.tif,325.44375
75-25_A2780_20and30_IC50treat_Day5_FITC_Tile-5_C4.tif,209.62847222222223
75-25_A2780_20and30_IC50treat_Day6_FITC_Tile-0_A1.tif,63.15069444444445
75-25_A2780_20and30_IC50treat_Day6_FITC_Tile-0_A4.tif,230.80902777777777
75-25_A2780_20and30_IC50treat_Day6_FITC_Tile-0_B1.tif,198.99374999999998
75-25_A2780_20and30_IC50treat_Day6_FITC_Tile-0_B4.tif,392.6965277777778
75-25_A2780_20and30_IC50treat_Day6_FITC_Tile-0_C1.tif,156.55833333333334
75-25_A2780_20and30_IC50treat_Day6_FITC_Tile-0_C4.tif,229.14791666666667
75-25_A2780_20and30_IC50treat_Day6_FITC_Tile-1_A1.tif,395.17291666666665
75-25_A2780_20and30_IC50treat_Day6_FITC_Tile-1_A4.tif,548.651388888889
75-25_A2780_20and30_IC50treat_Day6_FITC_Tile-1_B1.tif,265.9006944444444
75-25_A2780_20and30_IC50treat_Day6_FITC_Tile-1_B4.tif,249.89791666666667
75-25_A2780_20and30_IC50treat_Day6_FITC_Tile-1_C1.tif,255.65486111111113
75-25_A2780_20and30_IC50treat_Day6_FITC_Tile-1_C4.tif,194.15069444444444
75-25_A2780_20and30_IC50treat_Day6_FITC_Tile-2_A1.tif,221.32777777777778
75-25_A2780_20and30_IC50treat_Day6_FITC_Tile-2_A4.tif,357.8125
75-25_A2780_20and30_IC50treat_Day6_FITC_Tile-2_B1.tif,189.9361111111111
75-25_A2780_20and30_IC50treat_Day6_FITC_Tile-2_B4.tif,233.2888888888889
75-25_A2780_20and30_IC50treat_Day6_FITC_Tile-2_C1.tif,320.5444444444445
75-25_A2780_20and30_IC50treat_Day6_FITC_Tile-2_C4.tif,219.46875
75-25_A2780_20and30_IC50treat_Day6_FITC_Tile-3_A1.tif,127.69166666666666
75-25_A2780_20and30_IC50treat_Day6_FITC_Tile-3_A4.tif,552.5840277777778
75-25_A2780_20and30_IC50treat_Day6_FITC_Tile-3_B1.tif,177.40694444444443
75-25_A2780_20and30_IC50treat_Day6_FITC_Tile-3_B4.tif,120.16458333333334
75-25_A2780_20and30_IC50treat_Day6_FITC_Tile-3_C1.tif,245.75694444444446
75-25_A2780_20and30_IC50treat_Day6_FITC_Tile-3_C4.tif,225.43333333333334
75-25_A2780_20and30_IC50treat_Day6_FITC_Tile-4_A1.tif,270.63472222222225
75-25_A2780_20and30_IC50treat_Day6_FITC_Tile-4_A4.tif,608.6138888888888
75-25_A2780_20and30_IC50treat_Day6_FITC_Tile-4_B1.tif,198.06944444444446
75-25_A2780_20and30_IC50treat_Day6_FITC_Tile-4_B4.tif,326.5055555555556
75-25_A2780_20and30_IC50treat_Day6_FITC_Tile-4_C1.tif,457.40625
75-25_A2780_20and30_IC50treat_Day6_FITC_Tile-4_C4.tif,347.61875
75-25_A2780_20and30_IC50treat_Day6_FITC_Tile-5_A1.tif,146.92152777777778
75-25_A2780_20and30_IC50treat_Day6_FITC_Tile-5_A4.tif,379.34583333333336
75-25_A2780_20and30_IC50treat_Day6_FITC_Tile-5_B1.tif,318.6222222222222
75-25_A2780_20and30_IC50treat_Day6_FITC_Tile-5_B4.tif,363.51944444444445
75-25_A2780_20and30_IC50treat_Day6_FITC_Tile-5_C1.tif,518.9986111111111
75-25_A2780_20and30_IC50treat_Day6_FITC_Tile-5_C4.tif,228.1673611111111
75-25_A2780_20and30_IC50treat_Day7_FITC_Tile-0_A1.tif,205.19444444444446
75-25_A2780_20and30_IC50treat_Day7_FITC_Tile-0_A4.tif,469.58611111111105
75-25_A2780_20and30_IC50treat_Day7_FITC_Tile-0_B1.tif,264.5569444444444
75-25_A2780_20and30_IC50treat_Day7_FITC_Tile-0_B4.tif,590.4486111111112
75-25_A2780_20and30_IC50treat_Day7_FITC_Tile-0_C1.tif,464.7361111111111
75-25_A2780_20and30_IC50treat_Day7_FITC_Tile-0_C4.tif,359.06111111111113
75-25_A2780_20and30_IC50treat_Day7_FITC_Tile-1_A1.tif,365.8298611111111
75-25_A2780_20and30_IC50treat_Day7_FITC_Tile-1_A4.tif,599.0583333333333
75-25_A2780_20and30_IC50treat_Day7_FITC_Tile-1_B1.tif,188.41944444444445
75-25_A2780_20and30_IC50treat_Day7_FITC_Tile-1_B4.tif,565.6840277777778
75-25_A2780_20and30_IC50treat_Day7_FITC_Tile-1_C1.tif,471.2541666666667
75-25_A2780_20and30_IC50treat_Day7_FITC_Tile-1_C4.tif,613.2590277777778
75-25_A2780_20and30_IC50treat_Day7_FITC_Tile-2_A1.tif,560.7388888888888
75-25_A2780_20and30_IC50treat_Day7_FITC_Tile-2_A4.tif,584.7770833333333
75-25_A2780_20and30_IC50treat_Day7_FITC_Tile-2_B1.tif,367.65694444444443
75-25_A2780_20and30_IC50treat_Day7_FITC_Tile-2_B4.tif,445.5201388888889
75-25_A2780_20and30_IC50treat_Day7_FITC_Tile-2_C1.tif,326.16319444444446
75-25_A2780_20and30_IC50treat_Day7_FITC_Tile-2_C4.tif,313.85
75-25_A2780_20and30_IC50treat_Day7_FITC_Tile-3_A1.tif,456.2638888888889
75-25_A2780_20and30_IC50treat_Day7_FITC_Tile-3_A4.tif,821.3493055555556
75-25_A2780_20and30_IC50treat_Day7_FITC_Tile-3_B1.tif,277.76666666666665
75-25_A2780_20and30_IC50treat_Day7_FITC_Tile-3_B4.tif,406.48055555555555
75-25_A2780_20and30_IC50treat_Day7_FITC_Tile-3_C1.tif,398.26250000000005
75-25_A2780_20and30_IC50treat_Day7_FITC_Tile-3_C4.tif,577.9236111111111
75-25_A2780_20and30_IC50treat_Day7_FITC_Tile-4_A1.tif,723.5611111111111
75-25_A2780_20and30_IC50treat_Day7_FITC_Tile-4_A4.tif,781.4284722222222
75-25_A2780_20and30_IC50treat_Day7_FITC_Tile-4_B1.tif,667.8215277777778
75-25_A2780_20and30_IC50treat_Day7_FITC_Tile-4_B4.tif,721.088888888889
75-25_A2780_20and30_IC50treat_Day7_FITC_Tile-4_C1.tif,517.20625
75-25_A2780_20and30_IC50treat_Day7_FITC_Tile-4_C4.tif,588.3784722222222
75-25_A2780_20and30_IC50treat_Day7_FITC_Tile-5_A1.tif,448.11249999999995
75-25_A2780_20and30_IC50treat_Day7_FITC_Tile-5_A4.tif,1026.8680555555557
75-25_A2780_20and30_IC50treat_Day7_FITC_Tile-5_B1.tif,311.3347222222222
75-25_A2780_20and30_IC50treat_Day7_FITC_Tile-5_B4.tif,485.8743055555555
75-25_A2780_20and30_IC50treat_Day7_FITC_Tile-5_C1.tif,794.8423611111111
75-25_A2780_20and30_IC50treat_Day7_FITC_Tile-5_C4.tif,530.6624999999999
75-25_A2780_20and30_IC50treat_Day8_FITC_Tile-0_A1.tif,273.2555555555556
75-25_A2780_20and30_IC50treat_Day8_FITC_Tile-0_A4.tif,455.2298611111112
75-25_A2780_20and30_IC50treat_Day8_FITC_Tile-0_B1.tif,228.8722222222222
75-25_A2780_20and30_IC50treat_Day8_FITC_Tile-0_B4.tif,395.4583333333333
75-25_A2780_20and30_IC50treat_Day8_FITC_Tile-0_C1.tif,708.8493055555556
75-25_A2780_20and30_IC50treat_Day8_FITC_Tile-0_C4.tif,341.9298611111111
75-25_A2780_20and30_IC50treat_Day8_FITC_Tile-1_A1.tif,537.4243055555556
75-25_A2780_20and30_IC50treat_Day8_FITC_Tile-1_A4.tif,890.9548611111111
75-25_A2780_20and30_IC50treat_Day8_FITC_Tile-1_B1.tif,419.59166666666664
75-25_A2780_20and30_IC50treat_Day8_FITC_Tile-1_B4.tif,487.0631944444445
75-25_A2780_20and30_IC50treat_Day8_FITC_Tile-1_C1.tif,568.5763888888889
75-25_A2780_20and30_IC50treat_Day8_FITC_Tile-1_C4.tif,646.026388888889
75-25_A2780_20and30_IC50treat_Day8_FITC_Tile-2_A1.tif,507.0305555555555
75-25_A2780_20and30_IC50treat_Day8_FITC_Tile-2_A4.tif,689.1222222222223
75-25_A2780_20and30_IC50treat_Day8_FITC_Tile-2_B1.tif,375.0993055555556
75-25_A2780_20and30_IC50treat_Day8_FITC_Tile-2_B4.tif,527.1958333333333
75-25_A2780_20and30_IC50treat_Day8_FITC_Tile-2_C1.tif,1060.74375
75-25_A2780_20and30_IC50treat_Day8_FITC_Tile-2_C4.tif,349.96805555555557
75-25_A2780_20and30_IC50treat_Day8_FITC_Tile-3_A1.tif,459.6354166666667
75-25_A2780_20and30_IC50treat_Day8_FITC_Tile-3_A4.tif,618.6236111111111
75-25_A2780_20and30_IC50treat_Day8_FITC_Tile-3_B1.tif,534.1055555555555
75-25_A2780_20and30_IC50treat_Day8_FITC_Tile-3_B4.tif,328.4347222222222
75-25_A2780_20and30_IC50treat_Day8_FITC_Tile-3_C1.tif,512.575
75-25_A2780_20and30_IC50treat_Day8_FITC_Tile-3_C4.tif,687.7708333333334
75-25_A2780_20and30_IC50treat_Day8_FITC_Tile-4_A1.tif,741.1159722222222
75-25_A2780_20and30_IC50treat_Day8_FITC_Tile-4_A4.tif,1351.5819444444444
75-25_A2780_20and30_IC50treat_Day8_FITC_Tile-4_B1.tif,642.7638888888889
75-25_A2780_20and30_IC50treat_Day8_FITC_Tile-4_B4.tif,495.2638888888889
75-25_A2780_20and30_IC50treat_Day8_FITC_Tile-4_C1.tif,1036.0812500000002
75-25_A2780_20and30_IC50treat_Day8_FITC_Tile-4_C4.tif,648.91875
75-25_A2780_20and30_IC50treat_Day8_FITC_Tile-5_A1.tif,487.8638888888888
75-25_A2780_20and30_IC50treat_Day8_FITC_Tile-5_A4.tif,1127.0298611111111
75-25_A2780_20and30_IC50treat_Day8_FITC_Tile-5_B1.tif,684.3034722222222
75-25_A2780_20and30_IC50treat_Day8_FITC_Tile-5_B4.tif,520.5430555555555
75-25_A2780_20and30_IC50treat_Day8_FITC_Tile-5_C1.tif,1444.5444444444445
75-25_A2780_20and30_IC50treat_Day8_FITC_Tile-5_C4.tif,641.2368055555556
75-25_A2780_20and30_IC50treat_Day9_FITC_Tile-0_A1.tif,504.5263888888889
75-25_A2780_20and30_IC50treat_Day9_FITC_Tile-0_A4.tif,704.5958333333333
75-25_A2780_20and30_IC50treat_Day9_FITC_Tile-0_B1.tif,384.7111111111111
75-25_A2780_20and30_IC50treat_Day9_FITC_Tile-0_B4.tif,870.1624999999999
75-25_A2780_20and30_IC50treat_Day9_FITC_Tile-0_C1.tif,903.8013888888888
75-25_A2780_20and30_IC50treat_Day9_FITC_Tile-0_C4.tif,692.08125
75-25_A2780_20and30_IC50treat_Day9_FITC_Tile-1_A1.tif,883.5270833333333
75-25_A2780_20and30_IC50treat_Day9_FITC_Tile-1_A4.tif,1598.4361111111111
75-25_A2780_20and30_IC50treat_Day9_FITC_Tile-1_B1.tif,648.901388888889
75-25_A2780_20and30_IC50treat_Day9_FITC_Tile-1_B4.tif,939.8562499999999
75-25_A2780_20and30_IC50treat_Day9_FITC_Tile-1_C1.tif,898.7006944444444
75-25_A2780_20and30_IC50treat_Day9_FITC_Tile-1_C4.tif,927.5111111111112
75-25_A2780_20and30_IC50treat_Day9_FITC_Tile-2_A1.tif,1010.7701388888888
75-25_A2780_20and30_IC50treat_Day9_FITC_Tile-2_A4.tif,1351.5784722222222
75-25_A2780_20and30_IC50treat_Day9_FITC_Tile-2_B1.tif,610.1868055555556
75-25_A2780_20and30_IC50treat_Day9_FITC_Tile-2_B4.tif,1053.975
75-25_A2780_20and30_IC50treat_Day9_FITC_Tile-2_C1.tif,1649.523611111111
75-25_A2780_20and30_IC50treat_Day9_FITC_Tile-2_C4.tif,575.8034722222222
75-25_A2780_20and30_IC50treat_Day9_FITC_Tile-3_A1.tif,926.9291666666666
75-25_A2780_20and30_IC50treat_Day9_FITC_Tile-3_A4.tif,1173.6805555555557
75-25_A2780_20and30_IC50treat_Day9_FITC_Tile-3_B1.tif,831.8215277777778
75-25_A2780_20and30_IC50treat_Day9_FITC_Tile-3_B4.tif,665.9270833333334
75-25_A2780_20and30_IC50treat_Day9_FITC_Tile-3_C1.tif,741.0173611111111
75-25_A2780_20and30_IC50treat_Day9_FITC_Tile-3_C4.tif,993.7972222222221
75-25_A2780_20and30_IC50treat_Day9_FITC_Tile-4_A1.tif,1254.1534722222223
75-25_A2780_20and30_IC50treat_Day9_FITC_Tile-4_A4.tif,2221.1868055555556
75-25_A2780_20and30_IC50treat_Day9_FITC_Tile-4_B1.tif,1084.3472222222222
75-25_A2780_20and30_IC50treat_Day9_FITC_Tile-4_B4.tif,1004.5979166666667
75-25_A2780_20and30_IC50treat_Day9_FITC_Tile-4_C1.tif,1471.3791666666666
75-25_A2780_20and30_IC50treat_Day9_FITC_Tile-4_C4.tif,1044.9701388888889
75-25_A2780_20and30_IC50treat_Day9_FITC_Tile-5_A1.tif,832.2131944444444
75-25_A2780_20and30_IC50treat_Day9_FITC_Tile-5_A4.tif,1697.7548611111113
75-25_A2780_20and30_IC50treat_Day9_FITC_Tile-5_B1.tif,1182.9152777777776
75-25_A2780_20and30_IC50treat_Day9_FITC_Tile-5_B4.tif,796.1937499999999
75-25_A2780_20and30_IC50treat_Day9_FITC_Tile-5_C1.tif,2073.1187499999996
75-25_A2780_20and30_IC50treat_Day9_FITC_Tile-5_C4.tif,1037.3722222222223
